job_key,company,title,location,department,urls,date_posted,first_seen,first_seen_pt,track,scored,score_method,experience_score,reason,emailed,source_uids
Cadence:/job/SHANGHAI/Accountant_R55098,Cadence,Accountant,SHANGHAI,,https://cadence.wd1.myworkdayjobs.com/en-US/External_Careers/job/SHANGHAI/Accountant_R55098,Posted 30+ Days Ago,2026-07-12T07:45:02+00:00,2026-07-12 00:45 Sun,,false,,,,false,workday:Cadence:/job/SHANGHAI/Accountant_R55098
Cadence:/job/SAN-JOSE/AE---System-VIP--Perspec--Portable-Stimulus-DV_R55083-1,Cadence,"AE - System VIP, Perspec, Portable Stimulus DV",SAN JOSE,,https://cadence.wd1.myworkdayjobs.com/en-US/External_Careers/job/SAN-JOSE/AE---System-VIP--Perspec--Portable-Stimulus-DV_R55083-1,Posted 11 Days Ago,2026-07-12T07:45:02+00:00,2026-07-12 00:45 Sun,,false,,,,false,workday:Cadence:/job/SAN-JOSE/AE---System-VIP--Perspec--Portable-Stimulus-DV_R55083-1
Cadence:/job/SAN-JOSE/AE-Director-Emulation-and-Prototyping_R53960,Cadence,AE Director Emulation and Prototyping,SAN JOSE,,https://cadence.wd1.myworkdayjobs.com/en-US/External_Careers/job/SAN-JOSE/AE-Director-Emulation-and-Prototyping_R53960,Posted 29 Days Ago,2026-07-12T07:45:02+00:00,2026-07-12 00:45 Sun,,false,,,,false,workday:Cadence:/job/SAN-JOSE/AE-Director-Emulation-and-Prototyping_R53960
Cadence:/job/GYEONGGI-DO-Seoul/AE-Group-Director_R55190,Cadence,AE Group Director,GYEONGGI-DO (Seoul),,https://cadence.wd1.myworkdayjobs.com/en-US/External_Careers/job/GYEONGGI-DO-Seoul/AE-Group-Director_R55190,Posted 11 Days Ago,2026-07-12T07:45:02+00:00,2026-07-12 00:45 Sun,,false,,,,false,workday:Cadence:/job/GYEONGGI-DO-Seoul/AE-Group-Director_R55190
Cadence:/job/SAN-JOSE/Application-Engineer-Architect---Technical-Field-Operations_R52818,Cadence,"AE, RTL2GDS Architect",SAN JOSE,,https://cadence.wd1.myworkdayjobs.com/en-US/External_Careers/job/SAN-JOSE/Application-Engineer-Architect---Technical-Field-Operations_R52818,Posted 21 Days Ago,2026-07-12T07:45:02+00:00,2026-07-12 00:45 Sun,,false,,,,false,workday:Cadence:/job/SAN-JOSE/Application-Engineer-Architect---Technical-Field-Operations_R52818
Cadence:/job/SAN-JOSE/AI-Security-Architect_R54236,Cadence,AI Security Architect,SAN JOSE,,https://cadence.wd1.myworkdayjobs.com/en-US/External_Careers/job/SAN-JOSE/AI-Security-Architect_R54236,Posted 6 Days Ago,2026-07-12T07:45:02+00:00,2026-07-12 00:45 Sun,,false,,,,false,workday:Cadence:/job/SAN-JOSE/AI-Security-Architect_R54236
Cadence:/job/MOUNT-ROYAL-Montreal/Analog-CAD-Engineering-specialist_R54926,Cadence,Analog CAD Engineering specialist,7 Locations,,https://cadence.wd1.myworkdayjobs.com/en-US/External_Careers/job/MOUNT-ROYAL-Montreal/Analog-CAD-Engineering-specialist_R54926,Posted 4 Days Ago,2026-07-12T07:45:02+00:00,2026-07-12 00:45 Sun,,false,,,,false,workday:Cadence:/job/MOUNT-ROYAL-Montreal/Analog-CAD-Engineering-specialist_R54926
Cadence:/job/Nanjing/Analog-Design-Engineer-II_R54505,Cadence,Analog Design Engineer II,Nanjing,,https://cadence.wd1.myworkdayjobs.com/en-US/External_Careers/job/Nanjing/Analog-Design-Engineer-II_R54505,Posted 10 Days Ago,2026-07-12T07:45:02+00:00,2026-07-12 00:45 Sun,,false,,,,false,workday:Cadence:/job/Nanjing/Analog-Design-Engineer-II_R54505
Cadence:/job/SAN-JOSE/Application-Engineer_R53122-2,Cadence,Application Engineer,4 Locations,,https://cadence.wd1.myworkdayjobs.com/en-US/External_Careers/job/SAN-JOSE/Application-Engineer_R53122-2,Posted 18 Days Ago,2026-07-12T07:45:02+00:00,2026-07-12 00:45 Sun,,false,,,,false,workday:Cadence:/job/SAN-JOSE/Application-Engineer_R53122-2
Cadence:/job/PETAH-TIKVA/Application-Engineer---Physical-Design--Back-End-_R54943,Cadence,Application Engineer - Physical Design (Back-End),2 Locations,,https://cadence.wd1.myworkdayjobs.com/en-US/External_Careers/job/PETAH-TIKVA/Application-Engineer---Physical-Design--Back-End-_R54943,Posted 18 Days Ago,2026-07-12T07:45:02+00:00,2026-07-12 00:45 Sun,,false,,,,false,workday:Cadence:/job/PETAH-TIKVA/Application-Engineer---Physical-Design--Back-End-_R54943
Cadence:/job/PETAH-TIKVA/Application-Engineer---Physical-Design--Back-End-_R54944,Cadence,Application Engineer - Physical Design (Back-End),PETAH TIKVA,,https://cadence.wd1.myworkdayjobs.com/en-US/External_Careers/job/PETAH-TIKVA/Application-Engineer---Physical-Design--Back-End-_R54944,Posted 28 Days Ago,2026-07-12T07:45:02+00:00,2026-07-12 00:45 Sun,,false,,,,false,workday:Cadence:/job/PETAH-TIKVA/Application-Engineer---Physical-Design--Back-End-_R54944
Cadence:/job/SAN-JOSE/Application-Engineer-Architect---Custom-IC-Design-and-Implementation_R55550,Cadence,Application Engineer Architect – Custom IC Design and Implementation,SAN JOSE,,https://cadence.wd1.myworkdayjobs.com/en-US/External_Careers/job/SAN-JOSE/Application-Engineer-Architect---Custom-IC-Design-and-Implementation_R55550,Posted Today,2026-07-14T18:17:38+00:00,2026-07-14 11:17 Tue,,false,,,,false,workday:Cadence:/job/SAN-JOSE/Application-Engineer-Architect---Custom-IC-Design-and-Implementation_R55550
Cadence:/job/SAN-JOSE/Sr-Application-Engineer-Architect---Technical-Field-Operations_R52816,Cadence,"Application Engineer, RTL2GDS Sr Director",SAN JOSE,,https://cadence.wd1.myworkdayjobs.com/en-US/External_Careers/job/SAN-JOSE/Sr-Application-Engineer-Architect---Technical-Field-Operations_R52816,Posted 21 Days Ago,2026-07-12T07:45:02+00:00,2026-07-12 00:45 Sun,,false,,,,false,workday:Cadence:/job/SAN-JOSE/Sr-Application-Engineer-Architect---Technical-Field-Operations_R52816
Cadence:/job/VALBONNE-Sophia/Test-Engineer-II_R54681-1,Cadence,ATE Test Engineer Junior,VALBONNE (Sophia),,https://cadence.wd1.myworkdayjobs.com/en-US/External_Careers/job/VALBONNE-Sophia/Test-Engineer-II_R54681-1,Posted 10 Days Ago,2026-07-12T07:45:02+00:00,2026-07-12 00:45 Sun,,false,,,,false,workday:Cadence:/job/VALBONNE-Sophia/Test-Engineer-II_R54681-1
Cadence:/job/VALBONNE-Sophia/Bench-Test-Lead-Engineer_R55270,Cadence,Bench Test Lead Engineer,VALBONNE (Sophia),,https://cadence.wd1.myworkdayjobs.com/en-US/External_Careers/job/VALBONNE-Sophia/Bench-Test-Lead-Engineer_R55270,Posted 10 Days Ago,2026-07-12T07:45:02+00:00,2026-07-12 00:45 Sun,,false,,,,false,workday:Cadence:/job/VALBONNE-Sophia/Bench-Test-Lead-Engineer_R55270
Cadence:/job/SAN-JOSE/Principal-Benefits-Analyst_R54868-1,Cadence,Benefits Analyst,SAN JOSE,,https://cadence.wd1.myworkdayjobs.com/en-US/External_Careers/job/SAN-JOSE/Principal-Benefits-Analyst_R54868-1,Posted 6 Days Ago,2026-07-12T07:45:02+00:00,2026-07-12 00:45 Sun,,false,,,,false,workday:Cadence:/job/SAN-JOSE/Principal-Benefits-Analyst_R54868-1
Cadence:/job/SAN-JOSE/Business-Systems-Analyst--Salesforce--Vibe-Coding-_R54919,Cadence,"Business Systems Analyst (Salesforce, Vibe Coding)",SAN JOSE,,https://cadence.wd1.myworkdayjobs.com/en-US/External_Careers/job/SAN-JOSE/Business-Systems-Analyst--Salesforce--Vibe-Coding-_R54919,Posted 4 Days Ago,2026-07-12T07:45:02+00:00,2026-07-12 00:45 Sun,,false,,,,false,workday:Cadence:/job/SAN-JOSE/Business-Systems-Analyst--Salesforce--Vibe-Coding-_R54919
Cadence:/job/BURLINGTON-CAN-01/Customer-Service-Engineer-for-Virtual-Manufacturing---Costing-simulation-software_R55415,Cadence,"CAE, Customer Service Engineer for Virtual Manufacturing & Costing simulation software",BURLINGTON-CAN 01,,https://cadence.wd1.myworkdayjobs.com/en-US/External_Careers/job/BURLINGTON-CAN-01/Customer-Service-Engineer-for-Virtual-Manufacturing---Costing-simulation-software_R55415,Posted 4 Days Ago,2026-07-12T07:45:02+00:00,2026-07-12 00:45 Sun,,false,,,,false,workday:Cadence:/job/BURLINGTON-CAN-01/Customer-Service-Engineer-for-Virtual-Manufacturing---Costing-simulation-software_R55415
Cadence:/job/LIVONIA-01/Sr-Application-Engineer_R55339,Cadence,CAE/FEA Senior AE,LIVONIA 01,,https://cadence.wd1.myworkdayjobs.com/en-US/External_Careers/job/LIVONIA-01/Sr-Application-Engineer_R55339,Posted 4 Days Ago,2026-07-12T07:45:02+00:00,2026-07-12 00:45 Sun,,false,,,,false,workday:Cadence:/job/LIVONIA-01/Sr-Application-Engineer_R55339
Cadence:/job/SAN-JOSE/Cloud-Support-Engineer---Managed-Cloud-Services_R54644,Cadence,Cloud Support Engineer - Managed Cloud Services,SAN JOSE,,https://cadence.wd1.myworkdayjobs.com/en-US/External_Careers/job/SAN-JOSE/Cloud-Support-Engineer---Managed-Cloud-Services_R54644,Posted 6 Days Ago,2026-07-12T07:45:02+00:00,2026-07-12 00:45 Sun,,false,,,,false,workday:Cadence:/job/SAN-JOSE/Cloud-Support-Engineer---Managed-Cloud-Services_R54644
Cadence:/job/FELDKIRCHEN-Munich/Contracts-Program-Manager_R55080-1,Cadence,Contracts Program Manager,7 Locations,,https://cadence.wd1.myworkdayjobs.com/en-US/External_Careers/job/FELDKIRCHEN-Munich/Contracts-Program-Manager_R55080-1,Posted 25 Days Ago,2026-07-12T07:45:02+00:00,2026-07-12 00:45 Sun,,false,,,,false,workday:Cadence:/job/FELDKIRCHEN-Munich/Contracts-Program-Manager_R55080-1
Cadence:/job/SAN-JOSE/Corporate-Counsel---Employment_R54245,Cadence,Corporate Counsel - Employment,SAN JOSE,,https://cadence.wd1.myworkdayjobs.com/en-US/External_Careers/job/SAN-JOSE/Corporate-Counsel---Employment_R54245,Posted 4 Days Ago,2026-07-12T07:45:02+00:00,2026-07-12 00:45 Sun,,false,,,,false,workday:Cadence:/job/SAN-JOSE/Corporate-Counsel---Employment_R54245
Cadence:/job/SAN-JOSE/Account-Technical-Executive-for-HPC-accounts_R55081,Cadence,"Custom IC / Analog / RF design, Account Technical Executive for HPC accounts",SAN JOSE,,https://cadence.wd1.myworkdayjobs.com/en-US/External_Careers/job/SAN-JOSE/Account-Technical-Executive-for-HPC-accounts_R55081,Posted 13 Days Ago,2026-07-12T07:45:02+00:00,2026-07-12 00:45 Sun,,false,,,,false,workday:Cadence:/job/SAN-JOSE/Account-Technical-Executive-for-HPC-accounts_R55081
Cadence:/job/MOUNT-ROYAL-Montreal/Custom-Layout-Designer--Analog-Layout-Designer-_R54335,Cadence,Custom Layout Designer (Analog Layout Designer),3 Locations,,https://cadence.wd1.myworkdayjobs.com/en-US/External_Careers/job/MOUNT-ROYAL-Montreal/Custom-Layout-Designer--Analog-Layout-Designer-_R54335,Posted 4 Days Ago,2026-07-12T07:45:02+00:00,2026-07-12 00:45 Sun,,false,,,,false,workday:Cadence:/job/MOUNT-ROYAL-Montreal/Custom-Layout-Designer--Analog-Layout-Designer-_R54335
Cadence:/job/SHANGHAI-07/Customer-Engagement-Director---PDK-Enablement_R54594,Cadence,Customer Engagement Director - PDK Enablement,SHANGHAI 07,,https://cadence.wd1.myworkdayjobs.com/en-US/External_Careers/job/SHANGHAI-07/Customer-Engagement-Director---PDK-Enablement_R54594,Posted 30+ Days Ago,2026-07-12T07:45:02+00:00,2026-07-12 00:45 Sun,,false,,,,false,workday:Cadence:/job/SHANGHAI-07/Customer-Engagement-Director---PDK-Enablement_R54594
Cadence:/job/SHANGHAI/Customer-Engagement-Engineer-II_R55185,Cadence,Customer Engagement Engineer II,SHANGHAI,,https://cadence.wd1.myworkdayjobs.com/en-US/External_Careers/job/SHANGHAI/Customer-Engagement-Engineer-II_R55185,Posted 2 Days Ago,2026-07-12T07:45:02+00:00,2026-07-12 00:45 Sun,,false,,,,false,workday:Cadence:/job/SHANGHAI/Customer-Engagement-Engineer-II_R55185
Cadence:/job/PUNE-05/Customer-Service-Engineer_R55005,Cadence,Customer Service Engineer,PUNE 05,,https://cadence.wd1.myworkdayjobs.com/en-US/External_Careers/job/PUNE-05/Customer-Service-Engineer_R55005,Posted 24 Days Ago,2026-07-12T07:45:02+00:00,2026-07-12 00:45 Sun,,false,,,,false,workday:Cadence:/job/PUNE-05/Customer-Service-Engineer_R55005
Cadence:/job/SAN-JOSE/Data-Center-Operations-Engineer_R51880,Cadence,Datacenter Operations Manager,SAN JOSE,,https://cadence.wd1.myworkdayjobs.com/en-US/External_Careers/job/SAN-JOSE/Data-Center-Operations-Engineer_R51880,Posted 6 Days Ago,2026-07-12T07:45:02+00:00,2026-07-12 00:45 Sun,,false,,,,false,workday:Cadence:/job/SAN-JOSE/Data-Center-Operations-Engineer_R51880
Cadence:/job/BANGALORE/Design-Architect_R55335-1,Cadence,Design Architect,BANGALORE,,https://cadence.wd1.myworkdayjobs.com/en-US/External_Careers/job/BANGALORE/Design-Architect_R55335-1,Posted 12 Days Ago,2026-07-12T07:45:02+00:00,2026-07-12 00:45 Sun,,false,,,,false,workday:Cadence:/job/BANGALORE/Design-Architect_R55335-1
Cadence:/job/SHANGHAI/Design-Engineer---Physical-Design_R55090,Cadence,Design Engineer - Physical Design,SHANGHAI,,https://cadence.wd1.myworkdayjobs.com/en-US/External_Careers/job/SHANGHAI/Design-Engineer---Physical-Design_R55090,Posted 25 Days Ago,2026-07-12T07:45:02+00:00,2026-07-12 00:45 Sun,,false,,,,false,workday:Cadence:/job/SHANGHAI/Design-Engineer---Physical-Design_R55090
Cadence:/job/TORONTO-02/Design-Engineering-Architect_R55158,Cadence,Design Engineering Architect,TORONTO 02,,https://cadence.wd1.myworkdayjobs.com/en-US/External_Careers/job/TORONTO-02/Design-Engineering-Architect_R55158,Posted 13 Days Ago,2026-07-12T07:45:02+00:00,2026-07-12 00:45 Sun,,false,,,,false,workday:Cadence:/job/TORONTO-02/Design-Engineering-Architect_R55158
Cadence:/job/AUSTIN/DFT-Design-Engineer_R55131,Cadence,DFT Design Engineer,AUSTIN,,https://cadence.wd1.myworkdayjobs.com/en-US/External_Careers/job/AUSTIN/DFT-Design-Engineer_R55131,Posted 20 Days Ago,2026-07-12T07:45:02+00:00,2026-07-12 00:45 Sun,,false,,,,false,workday:Cadence:/job/AUSTIN/DFT-Design-Engineer_R55131
Cadence:/job/SAN-JOSE/Digital-IC--Account-Technology-Executive--ATX-_R53877,Cadence,"Digital IC, Account Technology Executive (ATX)",SAN JOSE,,https://cadence.wd1.myworkdayjobs.com/en-US/External_Careers/job/SAN-JOSE/Digital-IC--Account-Technology-Executive--ATX-_R53877,Posted 17 Days Ago,2026-07-12T07:45:02+00:00,2026-07-12 00:45 Sun,,false,,,,false,workday:Cadence:/job/SAN-JOSE/Digital-IC--Account-Technology-Executive--ATX-_R53877
Cadence:/job/SAN-JOSE/Application-Engineer-Architect_R53836-1,Cadence,Digital Implementation AE Architect,SAN JOSE,,https://cadence.wd1.myworkdayjobs.com/en-US/External_Careers/job/SAN-JOSE/Application-Engineer-Architect_R53836-1,Posted 21 Days Ago,2026-07-12T07:45:02+00:00,2026-07-12 00:45 Sun,,false,,,,false,workday:Cadence:/job/SAN-JOSE/Application-Engineer-Architect_R53836-1
Cadence:/job/SAN-JOSE/Director---Sr-Corporate-Counsel---Compliance_R54749,Cadence,Director & Sr. Corporate Counsel - Compliance,SAN JOSE,,https://cadence.wd1.myworkdayjobs.com/en-US/External_Careers/job/SAN-JOSE/Director---Sr-Corporate-Counsel---Compliance_R54749,Posted 6 Days Ago,2026-07-12T07:45:02+00:00,2026-07-12 00:45 Sun,,false,,,,false,workday:Cadence:/job/SAN-JOSE/Director---Sr-Corporate-Counsel---Compliance_R54749
Cadence:/job/SAN-JOSE/Director-of-Software-Security_R54237,Cadence,Director of Software Security,SAN JOSE,,https://cadence.wd1.myworkdayjobs.com/en-US/External_Careers/job/SAN-JOSE/Director-of-Software-Security_R54237,Posted 6 Days Ago,2026-07-12T07:45:02+00:00,2026-07-12 00:45 Sun,,false,,,,false,workday:Cadence:/job/SAN-JOSE/Director-of-Software-Security_R54237
Cadence:/job/SAN-JOSE/Director--System-Engineering---Integration_R55390,Cadence,"Director, System Engineering & Integration",SAN JOSE,,https://cadence.wd1.myworkdayjobs.com/en-US/External_Careers/job/SAN-JOSE/Director--System-Engineering---Integration_R55390,Posted 3 Days Ago,2026-07-12T07:45:02+00:00,2026-07-12 00:45 Sun,,false,,,,false,workday:Cadence:/job/SAN-JOSE/Director--System-Engineering---Integration_R55390
Cadence:/job/SAN-JOSE/Distinguished-Engineer_R55162,Cadence,Distinguished Engineer,SAN JOSE,,https://cadence.wd1.myworkdayjobs.com/en-US/External_Careers/job/SAN-JOSE/Distinguished-Engineer_R55162,Posted 26 Days Ago,2026-07-12T07:45:02+00:00,2026-07-12 00:45 Sun,,false,,,,false,workday:Cadence:/job/SAN-JOSE/Distinguished-Engineer_R55162
Cadence:/job/PORT-MOODY-01-VANCOUVER/Distributed-Systems-Engineer_R53232,Cadence,Distributed Systems Engineer,PORT MOODY 01 (VANCOUVER),,https://cadence.wd1.myworkdayjobs.com/en-US/External_Careers/job/PORT-MOODY-01-VANCOUVER/Distributed-Systems-Engineer_R53232,Posted 6 Days Ago,2026-07-12T07:45:02+00:00,2026-07-12 00:45 Sun,,false,,,,false,workday:Cadence:/job/PORT-MOODY-01-VANCOUVER/Distributed-Systems-Engineer_R53232
Cadence:/job/PORT-MOODY-01-VANCOUVER/Distributed-Systems-Engineer_R53233-1,Cadence,Distributed Systems Engineer,PORT MOODY 01 (VANCOUVER),,https://cadence.wd1.myworkdayjobs.com/en-US/External_Careers/job/PORT-MOODY-01-VANCOUVER/Distributed-Systems-Engineer_R53233-1,Posted 6 Days Ago,2026-07-12T07:45:02+00:00,2026-07-12 00:45 Sun,,false,,,,false,workday:Cadence:/job/PORT-MOODY-01-VANCOUVER/Distributed-Systems-Engineer_R53233-1
Cadence:/job/FELDKIRCHEN-Munich/Field-Marketing-Leader--EMEA-_R55126,Cadence,Field Marketing Leader (EMEA),2 Locations,,https://cadence.wd1.myworkdayjobs.com/en-US/External_Careers/job/FELDKIRCHEN-Munich/Field-Marketing-Leader--EMEA-_R55126,Posted 25 Days Ago,2026-07-12T07:45:02+00:00,2026-07-12 00:45 Sun,,false,,,,false,workday:Cadence:/job/FELDKIRCHEN-Munich/Field-Marketing-Leader--EMEA-_R55126
Cadence:/job/BANGALORE/Field-Marketing-Specialist-I_R55112,Cadence,Field Marketing Specialist I,BANGALORE,,https://cadence.wd1.myworkdayjobs.com/en-US/External_Careers/job/BANGALORE/Field-Marketing-Specialist-I_R55112,Posted 16 Days Ago,2026-07-12T07:45:02+00:00,2026-07-12 00:45 Sun,,false,,,,false,workday:Cadence:/job/BANGALORE/Field-Marketing-Specialist-I_R55112
Cadence:/job/AUSTIN/Firmware-Engineer-II_R55225,Cadence,Firmware Engineer II,AUSTIN,,https://cadence.wd1.myworkdayjobs.com/en-US/External_Careers/job/AUSTIN/Firmware-Engineer-II_R55225,Posted 20 Days Ago,2026-07-12T07:45:02+00:00,2026-07-12 00:45 Sun,,false,,,,false,workday:Cadence:/job/AUSTIN/Firmware-Engineer-II_R55225
Cadence:/job/AUSTIN/Firmware-Engineer-II_R55227-1,Cadence,Firmware Engineer II,AUSTIN,,https://cadence.wd1.myworkdayjobs.com/en-US/External_Careers/job/AUSTIN/Firmware-Engineer-II_R55227-1,Posted 20 Days Ago,2026-07-12T07:45:02+00:00,2026-07-12 00:45 Sun,,false,,,,false,workday:Cadence:/job/AUSTIN/Firmware-Engineer-II_R55227-1
Cadence:/job/SAN-JOSE/GenAI-Tools-Support-Engineer_R55011,Cadence,"GenAI Tools Support Engineer - Vibe Code (Claude, Cursor, Copilot)",SAN JOSE,,https://cadence.wd1.myworkdayjobs.com/en-US/External_Careers/job/SAN-JOSE/GenAI-Tools-Support-Engineer_R55011,Posted 6 Days Ago,2026-07-12T07:45:02+00:00,2026-07-12 00:45 Sun,,false,,,,false,workday:Cadence:/job/SAN-JOSE/GenAI-Tools-Support-Engineer_R55011
Cadence:/job/SAN-JOSE/Group-Director-of-International-Tax_R55096,Cadence,Group Director of International Tax,SAN JOSE,,https://cadence.wd1.myworkdayjobs.com/en-US/External_Careers/job/SAN-JOSE/Group-Director-of-International-Tax_R55096,Posted 30 Days Ago,2026-07-12T07:45:02+00:00,2026-07-12 00:45 Sun,,false,,,,false,workday:Cadence:/job/SAN-JOSE/Group-Director-of-International-Tax_R55096
Cadence:/job/AUSTIN/Sr-Principal-Solutions-Engineer---Front-End_R51782,Cadence,"Group Director,  Design Engineering - Front End",AUSTIN,,https://cadence.wd1.myworkdayjobs.com/en-US/External_Careers/job/AUSTIN/Sr-Principal-Solutions-Engineer---Front-End_R51782,Posted 7 Days Ago,2026-07-12T07:45:02+00:00,2026-07-12 00:45 Sun,,false,,,,false,workday:Cadence:/job/AUSTIN/Sr-Principal-Solutions-Engineer---Front-End_R51782
Cadence:/job/SAN-JOSE/Group-Director---HR-M-A_R54905-1,Cadence,"Group Director, HR M&A",SAN JOSE,,https://cadence.wd1.myworkdayjobs.com/en-US/External_Careers/job/SAN-JOSE/Group-Director---HR-M-A_R54905-1,Posted 6 Days Ago,2026-07-12T07:45:02+00:00,2026-07-12 00:45 Sun,,false,,,,false,workday:Cadence:/job/SAN-JOSE/Group-Director---HR-M-A_R54905-1
Cadence:/job/SAN-JOSE/Principal-Application-Engineer_R55327-1,Cadence,"High Speed Interface Protocols, Principal AE",SAN JOSE,,https://cadence.wd1.myworkdayjobs.com/en-US/External_Careers/job/SAN-JOSE/Principal-Application-Engineer_R55327-1,Posted 5 Days Ago,2026-07-12T07:45:02+00:00,2026-07-12 00:45 Sun,,false,,,,false,workday:Cadence:/job/SAN-JOSE/Principal-Application-Engineer_R55327-1
Cadence:/job/SAN-JOSE/High-Speed-PHY-FW-Engineer_R55518-1,Cadence,High Speed PHY FW Engineer,SAN JOSE,,https://cadence.wd1.myworkdayjobs.com/en-US/External_Careers/job/SAN-JOSE/High-Speed-PHY-FW-Engineer_R55518-1,Posted Today,2026-07-13T17:17:02+00:00,2026-07-13 10:17 Mon,,false,,,,false,workday:Cadence:/job/SAN-JOSE/High-Speed-PHY-FW-Engineer_R55518-1
Cadence:/job/SAN-JOSE/HR-Business-Partner_R54564,Cadence,HR Business Partner,2 Locations,,https://cadence.wd1.myworkdayjobs.com/en-US/External_Careers/job/SAN-JOSE/HR-Business-Partner_R54564,Posted 6 Days Ago,2026-07-12T07:45:02+00:00,2026-07-12 00:45 Sun,,false,,,,false,workday:Cadence:/job/SAN-JOSE/HR-Business-Partner_R54564
Cadence:/job/SAN-JOSE/Application-Engineer-Architect---Technical-Field-Operations_R52817-1,Cadence,"IC RTL2GDS Architect, AE",SAN JOSE,,https://cadence.wd1.myworkdayjobs.com/en-US/External_Careers/job/SAN-JOSE/Application-Engineer-Architect---Technical-Field-Operations_R52817-1,Posted 5 Days Ago,2026-07-12T07:45:02+00:00,2026-07-12 00:45 Sun,,false,,,,false,workday:Cadence:/job/SAN-JOSE/Application-Engineer-Architect---Technical-Field-Operations_R52817-1
Cadence:/job/SAN-JOSE/Senior-Account-Technology-Executive---Strategic-Accounts_R55256,Cadence,"IC Verification, Senior Account Technology Executive - Strategic Accounts",SAN JOSE,,https://cadence.wd1.myworkdayjobs.com/en-US/External_Careers/job/SAN-JOSE/Senior-Account-Technology-Executive---Strategic-Accounts_R55256,Posted 18 Days Ago,2026-07-12T07:45:02+00:00,2026-07-12 00:45 Sun,,false,,,,false,workday:Cadence:/job/SAN-JOSE/Senior-Account-Technology-Executive---Strategic-Accounts_R55256
Cadence:/job/SAN-JOSE/Strategic-Account-Director_R55257,Cadence,"IC/PCB EDA, Strategic Account Director",SAN JOSE,,https://cadence.wd1.myworkdayjobs.com/en-US/External_Careers/job/SAN-JOSE/Strategic-Account-Director_R55257,Posted 6 Days Ago,2026-07-12T07:45:02+00:00,2026-07-12 00:45 Sun,,false,,,,false,workday:Cadence:/job/SAN-JOSE/Strategic-Account-Director_R55257
Cadence:/job/SAN-JOSE/M-A-Enterprise-Architect_R48615,Cadence,Infrastructure Architect (M&A),SAN JOSE,,https://cadence.wd1.myworkdayjobs.com/en-US/External_Careers/job/SAN-JOSE/M-A-Enterprise-Architect_R48615,Posted 2 Days Ago,2026-07-12T07:45:02+00:00,2026-07-12 00:45 Sun,,false,,,,false,workday:Cadence:/job/SAN-JOSE/M-A-Enterprise-Architect_R48615
Cadence:/job/MOUNT-ROYAL-Montreal/Ingnieur-en-conception-de-micrologiciel---Firmware-Design-Engineer_R55507,Cadence,Ingénieur en conception de micrologiciel / Firmware Design Engineer,MOUNT-ROYAL (Montreal),,https://cadence.wd1.myworkdayjobs.com/en-US/External_Careers/job/MOUNT-ROYAL-Montreal/Ingnieur-en-conception-de-micrologiciel---Firmware-Design-Engineer_R55507,Posted Today,2026-07-13T18:59:13+00:00,2026-07-13 11:59 Mon,,false,,,,false,workday:Cadence:/job/MOUNT-ROYAL-Montreal/Ingnieur-en-conception-de-micrologiciel---Firmware-Design-Engineer_R55507
Cadence:/job/SAN-JOSE/Intern---Characterization-and-Support_R54998,Cadence,Intern - Characterization and Support,SAN JOSE,,https://cadence.wd1.myworkdayjobs.com/en-US/External_Careers/job/SAN-JOSE/Intern---Characterization-and-Support_R54998,Posted 5 Days Ago,2026-07-12T07:45:02+00:00,2026-07-12 00:45 Sun,,false,,,,false,workday:Cadence:/job/SAN-JOSE/Intern---Characterization-and-Support_R54998
Cadence:/job/SHANGHAI/Intern-Product-Validation-Engineer_R55514,Cadence,Intern Product Validation Engineer,SHANGHAI,,https://cadence.wd1.myworkdayjobs.com/en-US/External_Careers/job/SHANGHAI/Intern-Product-Validation-Engineer_R55514,Posted Today,2026-07-14T02:16:47+00:00,2026-07-13 19:16 Mon,,false,,,,false,workday:Cadence:/job/SHANGHAI/Intern-Product-Validation-Engineer_R55514
Cadence:/job/SHANGHAI/Intern-PV_R55343,Cadence,Intern PV,SHANGHAI,,https://cadence.wd1.myworkdayjobs.com/en-US/External_Careers/job/SHANGHAI/Intern-PV_R55343,Posted 6 Days Ago,2026-07-12T07:45:02+00:00,2026-07-12 00:45 Sun,,false,,,,false,workday:Cadence:/job/SHANGHAI/Intern-PV_R55343
Cadence:https://cadence.wd1.myworkdayjobs.com/en-US/external_careers/job/HOME-MI/Intern-Software-Engineering_R53788,Cadence,Intern-Software Engineering,HOME MI,,https://cadence.wd1.myworkdayjobs.com/en-US/external_careers/job/HOME-MI/Intern-Software-Engineering_R53788,,2026-07-07T05:59:38+00:00,2026-07-06 22:59 Mon,,false,,,,false,speedyapply:SpeedyApply SWE:https://cadence.wd1.myworkdayjobs.com/en-US/external_careers/job/HOME-MI/Intern-Software-Engineering_R53788
Cadence:/job/CESSON-SEVIGNE-01/iSE-neo-Software-Engineer_R54024,Cadence,iSE neo Software Engineer,CESSON SEVIGNE 01,,https://cadence.wd1.myworkdayjobs.com/en-US/External_Careers/job/CESSON-SEVIGNE-01/iSE-neo-Software-Engineer_R54024,Posted 16 Days Ago,2026-07-12T07:45:02+00:00,2026-07-12 00:45 Sun,,false,,,,false,workday:Cadence:/job/CESSON-SEVIGNE-01/iSE-neo-Software-Engineer_R54024
Cadence:/job/SAN-JOSE/IT---Sr-Staff-Systems-Engineer_R49503,Cadence,"IT - Sr Staff Systems Engineer (Active Directory, Powershell, and Windows/O365 Infrastructure Administration)",SAN JOSE,,https://cadence.wd1.myworkdayjobs.com/en-US/External_Careers/job/SAN-JOSE/IT---Sr-Staff-Systems-Engineer_R49503,Posted 30 Days Ago,2026-07-12T07:45:02+00:00,2026-07-12 00:45 Sun,,false,,,,false,workday:Cadence:/job/SAN-JOSE/IT---Sr-Staff-Systems-Engineer_R49503
Cadence:/job/OSAKA01/IT---Staff-Network-Engineer_R54008,Cadence,IT - Staff Network Engineer,4 Locations,,https://cadence.wd1.myworkdayjobs.com/en-US/External_Careers/job/OSAKA01/IT---Staff-Network-Engineer_R54008,Posted Today,2026-07-15T09:17:15+00:00,2026-07-15 02:17 Wed,,false,,,,false,workday:Cadence:/job/OSAKA01/IT---Staff-Network-Engineer_R54008
Cadence:/job/OSAKA01/IT--Staff-Systems-Engineer---VM_R55484-2,Cadence,IT -Staff Systems Engineer - VM,2 Locations,,https://cadence.wd1.myworkdayjobs.com/en-US/External_Careers/job/OSAKA01/IT--Staff-Systems-Engineer---VM_R55484-2,Posted 3 Days Ago,2026-07-12T07:45:02+00:00,2026-07-12 00:45 Sun,,false,,,,false,workday:Cadence:/job/OSAKA01/IT--Staff-Systems-Engineer---VM_R55484-2
Cadence:/job/SAN-JOSE/IT-Staff-Storage-Engineer_R53945,Cadence,IT Staff Storage Engineer,SAN JOSE,,https://cadence.wd1.myworkdayjobs.com/en-US/External_Careers/job/SAN-JOSE/IT-Staff-Storage-Engineer_R53945,Posted 6 Days Ago,2026-07-12T07:45:02+00:00,2026-07-12 00:45 Sun,,false,,,,false,workday:Cadence:/job/SAN-JOSE/IT-Staff-Storage-Engineer_R53945
Cadence:/job/SAN-JOSE/Server-Farm-Engineer_R51323,Cadence,IT Staff Systems Engineer (DevOps),SAN JOSE,,https://cadence.wd1.myworkdayjobs.com/en-US/External_Careers/job/SAN-JOSE/Server-Farm-Engineer_R51323,Posted 6 Days Ago,2026-07-12T07:45:02+00:00,2026-07-12 00:45 Sun,,false,,,,false,workday:Cadence:/job/SAN-JOSE/Server-Farm-Engineer_R51323
Cadence:/job/VELIZY-Paris/Junior-Application-Engineer--PCB-Design-and-SI-PI-Simulations-_R55154,Cadence,Junior Application Engineer (PCB Design and SI/PI Simulations),VELIZY (Paris),,https://cadence.wd1.myworkdayjobs.com/en-US/External_Careers/job/VELIZY-Paris/Junior-Application-Engineer--PCB-Design-and-SI-PI-Simulations-_R55154,Posted 18 Days Ago,2026-07-12T07:45:02+00:00,2026-07-12 00:45 Sun,,false,,,,false,workday:Cadence:/job/VELIZY-Paris/Junior-Application-Engineer--PCB-Design-and-SI-PI-Simulations-_R55154
Cadence:/job/CORK-01/Lead-Application-Engineer_R55105,Cadence,Lead Application Engineer,CORK 01,,https://cadence.wd1.myworkdayjobs.com/en-US/External_Careers/job/CORK-01/Lead-Application-Engineer_R55105,Posted 23 Days Ago,2026-07-12T07:45:02+00:00,2026-07-12 00:45 Sun,,false,,,,false,workday:Cadence:/job/CORK-01/Lead-Application-Engineer_R55105
Cadence:/job/GYEONGGI-DO-Seoul/Lead-Application-Engineer_R55188,Cadence,Lead Application Engineer,GYEONGGI-DO (Seoul),,https://cadence.wd1.myworkdayjobs.com/en-US/External_Careers/job/GYEONGGI-DO-Seoul/Lead-Application-Engineer_R55188,Posted 12 Days Ago,2026-07-12T07:45:02+00:00,2026-07-12 00:45 Sun,,false,,,,false,workday:Cadence:/job/GYEONGGI-DO-Seoul/Lead-Application-Engineer_R55188
Cadence:/job/KATOWICE-01/Lead-Application-Engineer_R55026-1,Cadence,Lead Application Engineer,KATOWICE 01,,https://cadence.wd1.myworkdayjobs.com/en-US/External_Careers/job/KATOWICE-01/Lead-Application-Engineer_R55026-1,Posted 30+ Days Ago,2026-07-12T07:45:02+00:00,2026-07-12 00:45 Sun,,false,,,,false,workday:Cadence:/job/KATOWICE-01/Lead-Application-Engineer_R55026-1
Cadence:/job/SHANGHAI/Lead-Application-Engineer_R52624,Cadence,Lead Application Engineer,2 Locations,,https://cadence.wd1.myworkdayjobs.com/en-US/External_Careers/job/SHANGHAI/Lead-Application-Engineer_R52624,Posted 27 Days Ago,2026-07-12T07:45:02+00:00,2026-07-12 00:45 Sun,,false,,,,false,workday:Cadence:/job/SHANGHAI/Lead-Application-Engineer_R52624
Cadence:/job/ZHUBEI-01/Principal-Application-Engineer_R54674-1,Cadence,Lead Application Engineer,ZHUBEI 01,,https://cadence.wd1.myworkdayjobs.com/en-US/External_Careers/job/ZHUBEI-01/Principal-Application-Engineer_R54674-1,Posted 3 Days Ago,2026-07-12T07:45:02+00:00,2026-07-12 00:45 Sun,,false,,,,false,workday:Cadence:/job/ZHUBEI-01/Principal-Application-Engineer_R54674-1
Cadence:/job/ZHUBEI-01/Principal-Application-Engineer_R54515,Cadence,Lead Application Engineer,ZHUBEI 01,,https://cadence.wd1.myworkdayjobs.com/en-US/External_Careers/job/ZHUBEI-01/Principal-Application-Engineer_R54515,Posted Today,2026-07-13T09:40:48+00:00,2026-07-13 02:40 Mon,,false,,,,false,workday:Cadence:/job/ZHUBEI-01/Principal-Application-Engineer_R54515
Cadence:/job/YOKOHAMA/Lead-Application-Engineer---Design-Verification_R55089-1,Cadence,Lead Application Engineer - Design Verification,YOKOHAMA,,https://cadence.wd1.myworkdayjobs.com/en-US/External_Careers/job/YOKOHAMA/Lead-Application-Engineer---Design-Verification_R55089-1,Posted 30+ Days Ago,2026-07-12T07:45:02+00:00,2026-07-12 00:45 Sun,,false,,,,false,workday:Cadence:/job/YOKOHAMA/Lead-Application-Engineer---Design-Verification_R55089-1
Cadence:/job/MEYLAN-01/Lead-Application-Engineer---Custom-IC-Front-End--Analog-Simulation---AI-Enabled-Flows-_R55152,Cadence,Lead Application Engineer – Custom IC Front-End (Analog Simulation & AI-Enabled Flows),MEYLAN 01,,https://cadence.wd1.myworkdayjobs.com/en-US/External_Careers/job/MEYLAN-01/Lead-Application-Engineer---Custom-IC-Front-End--Analog-Simulation---AI-Enabled-Flows-_R55152,Posted 17 Days Ago,2026-07-12T07:45:02+00:00,2026-07-12 00:45 Sun,,false,,,,false,workday:Cadence:/job/MEYLAN-01/Lead-Application-Engineer---Custom-IC-Front-End--Analog-Simulation---AI-Enabled-Flows-_R55152
Cadence:/job/MILAN/Lead-Application-Engineer---Custom-IC-Front-End--Analog-Simulation---AI-Enabled-Flows-_R55153-1,Cadence,Lead Application Engineer – Custom IC Front-End (Analog Simulation & AI-Enabled Flows),MILAN,,https://cadence.wd1.myworkdayjobs.com/en-US/External_Careers/job/MILAN/Lead-Application-Engineer---Custom-IC-Front-End--Analog-Simulation---AI-Enabled-Flows-_R55153-1,Posted 17 Days Ago,2026-07-12T07:45:02+00:00,2026-07-12 00:45 Sun,,false,,,,false,workday:Cadence:/job/MILAN/Lead-Application-Engineer---Custom-IC-Front-End--Analog-Simulation---AI-Enabled-Flows-_R55153-1
Cadence:/job/PENANG-02/Lead-Application-Engineer---Sign-Off_R54170,Cadence,Lead Application Engineer – Sign-Off,PENANG 02,,https://cadence.wd1.myworkdayjobs.com/en-US/External_Careers/job/PENANG-02/Lead-Application-Engineer---Sign-Off_R54170,Posted 10 Days Ago,2026-07-12T07:45:02+00:00,2026-07-12 00:45 Sun,,false,,,,false,workday:Cadence:/job/PENANG-02/Lead-Application-Engineer---Sign-Off_R54170
Cadence:/job/Burlington-MA/Lead-Configuration-Management-Engineer_R55268,Cadence,Lead Configuration Management Engineer,"Burlington, MA",,https://cadence.wd1.myworkdayjobs.com/en-US/External_Careers/job/Burlington-MA/Lead-Configuration-Management-Engineer_R55268,Posted 3 Days Ago,2026-07-12T07:45:02+00:00,2026-07-12 00:45 Sun,,false,,,,false,workday:Cadence:/job/Burlington-MA/Lead-Configuration-Management-Engineer_R55268
Cadence:/job/SHANGHAI/Lead-Customer-Engagement--Engineer_R55189,Cadence,Lead Customer Engagement  Engineer,SHANGHAI,,https://cadence.wd1.myworkdayjobs.com/en-US/External_Careers/job/SHANGHAI/Lead-Customer-Engagement--Engineer_R55189,Posted 26 Days Ago,2026-07-12T07:45:02+00:00,2026-07-12 00:45 Sun,,false,,,,false,workday:Cadence:/job/SHANGHAI/Lead-Customer-Engagement--Engineer_R55189
Cadence:/job/SHENZHEN-04/Lead-Customer-Engagement-Engineer--Spectre_R54818,Cadence,Lead Customer Engagement Engineer- Spectre,SHENZHEN 04,,https://cadence.wd1.myworkdayjobs.com/en-US/External_Careers/job/SHENZHEN-04/Lead-Customer-Engagement-Engineer--Spectre_R54818,Posted 13 Days Ago,2026-07-12T07:45:02+00:00,2026-07-12 00:45 Sun,,false,,,,false,workday:Cadence:/job/SHENZHEN-04/Lead-Customer-Engagement-Engineer--Spectre_R54818
Cadence:/job/BANGALORE/Lead-Design-Engineer_R49771,Cadence,Lead Design Engineer,BANGALORE,,https://cadence.wd1.myworkdayjobs.com/en-US/External_Careers/job/BANGALORE/Lead-Design-Engineer_R49771,Posted 12 Days Ago,2026-07-12T07:45:02+00:00,2026-07-12 00:45 Sun,,false,,,,false,workday:Cadence:/job/BANGALORE/Lead-Design-Engineer_R49771
Cadence:/job/BANGALORE/Lead-Design-Engineer_R54815-1,Cadence,Lead Design Engineer,BANGALORE,,https://cadence.wd1.myworkdayjobs.com/en-US/External_Careers/job/BANGALORE/Lead-Design-Engineer_R54815-1,Posted 19 Days Ago,2026-07-12T07:45:02+00:00,2026-07-12 00:45 Sun,,false,,,,false,workday:Cadence:/job/BANGALORE/Lead-Design-Engineer_R54815-1
Cadence:/job/CESSON-SEVIGNE-01/Lead-Design-Engineer_R55334-1,Cadence,Lead Design Engineer,CESSON SEVIGNE 01,,https://cadence.wd1.myworkdayjobs.com/en-US/External_Careers/job/CESSON-SEVIGNE-01/Lead-Design-Engineer_R55334-1,Posted 5 Days Ago,2026-07-12T07:45:02+00:00,2026-07-12 00:45 Sun,,false,,,,false,workday:Cadence:/job/CESSON-SEVIGNE-01/Lead-Design-Engineer_R55334-1
Cadence:/job/NOIDA-01/Lead-Design-Engineer_R53588,Cadence,Lead Design Engineer,NOIDA 01,,https://cadence.wd1.myworkdayjobs.com/en-US/External_Careers/job/NOIDA-01/Lead-Design-Engineer_R53588,Posted 22 Days Ago,2026-07-12T07:45:02+00:00,2026-07-12 00:45 Sun,,false,,,,false,workday:Cadence:/job/NOIDA-01/Lead-Design-Engineer_R53588
Cadence:/job/PUNE-04/Lead-Design-Engineer_R54412,Cadence,Lead Design Engineer,PUNE 04,,https://cadence.wd1.myworkdayjobs.com/en-US/External_Careers/job/PUNE-04/Lead-Design-Engineer_R54412,Posted 24 Days Ago,2026-07-12T07:45:02+00:00,2026-07-12 00:45 Sun,,false,,,,false,workday:Cadence:/job/PUNE-04/Lead-Design-Engineer_R54412
Cadence:/job/GYEONGGI-DO-Seoul/Lead-Design-Engineer_R53889,Cadence,Lead Design Engineer,GYEONGGI-DO (Seoul),,https://cadence.wd1.myworkdayjobs.com/en-US/External_Careers/job/GYEONGGI-DO-Seoul/Lead-Design-Engineer_R53889,Posted Today,2026-07-13T03:16:37+00:00,2026-07-12 20:16 Sun,,false,,,,false,workday:Cadence:/job/GYEONGGI-DO-Seoul/Lead-Design-Engineer_R53889
Cadence:/job/BANGALORE/Lead-Design-Engineer_R52018,Cadence,Lead Design Engineer,BANGALORE,,https://cadence.wd1.myworkdayjobs.com/en-US/External_Careers/job/BANGALORE/Lead-Design-Engineer_R52018,Posted Today,2026-07-13T06:58:43+00:00,2026-07-12 23:58 Sun,,false,,,,false,workday:Cadence:/job/BANGALORE/Lead-Design-Engineer_R52018
Cadence:/job/SHANGHAI/Lead-Design-Engineer-Virtual-Solution-_R54953,Cadence,Lead Design Engineer(Virtual Solution),SHANGHAI,,https://cadence.wd1.myworkdayjobs.com/en-US/External_Careers/job/SHANGHAI/Lead-Design-Engineer-Virtual-Solution-_R54953,Posted 30+ Days Ago,2026-07-12T07:45:02+00:00,2026-07-12 00:45 Sun,,false,,,,false,workday:Cadence:/job/SHANGHAI/Lead-Design-Engineer-Virtual-Solution-_R54953
Cadence:/job/MOUNT-ROYAL-Montreal/Lead-Digital-Verification-Engineer_R55221,Cadence,Lead Digital Verification Engineer,2 Locations,,https://cadence.wd1.myworkdayjobs.com/en-US/External_Careers/job/MOUNT-ROYAL-Montreal/Lead-Digital-Verification-Engineer_R55221,Posted 19 Days Ago,2026-07-12T07:45:02+00:00,2026-07-12 00:45 Sun,,false,,,,false,workday:Cadence:/job/MOUNT-ROYAL-Montreal/Lead-Digital-Verification-Engineer_R55221
Cadence:/job/BANGALORE/Lead-Education-Application-Engineer--Analog-Mixed-Signal-_R50051,Cadence,Lead Education Application Engineer (RF/Microwave),2 Locations,,https://cadence.wd1.myworkdayjobs.com/en-US/External_Careers/job/BANGALORE/Lead-Education-Application-Engineer--Analog-Mixed-Signal-_R50051,Posted 30+ Days Ago,2026-07-12T07:45:02+00:00,2026-07-12 00:45 Sun,,false,,,,false,workday:Cadence:/job/BANGALORE/Lead-Education-Application-Engineer--Analog-Mixed-Signal-_R50051
Cadence:/job/BEIJING/Lead-Firmware-Engineer_R55231,Cadence,Lead Firmware Engineer,2 Locations,,https://cadence.wd1.myworkdayjobs.com/en-US/External_Careers/job/BEIJING/Lead-Firmware-Engineer_R55231,Posted 19 Days Ago,2026-07-12T07:45:02+00:00,2026-07-12 00:45 Sun,,false,,,,false,workday:Cadence:/job/BEIJING/Lead-Firmware-Engineer_R55231
Cadence:/job/BANGALORE/Principal-IC-Package-Design-Engineer_R53381,Cadence,Lead IC Package Design Engineer,BANGALORE,,https://cadence.wd1.myworkdayjobs.com/en-US/External_Careers/job/BANGALORE/Principal-IC-Package-Design-Engineer_R53381,Posted 12 Days Ago,2026-07-12T07:45:02+00:00,2026-07-12 00:45 Sun,,false,,,,false,workday:Cadence:/job/BANGALORE/Principal-IC-Package-Design-Engineer_R53381
Cadence:/job/SAN-JOSE/Senior-Network-Engineer_R51237,Cadence,Lead Network Engineer,SAN JOSE,,https://cadence.wd1.myworkdayjobs.com/en-US/External_Careers/job/SAN-JOSE/Senior-Network-Engineer_R51237,Posted 13 Days Ago,2026-07-12T07:45:02+00:00,2026-07-12 00:45 Sun,,false,,,,false,workday:Cadence:/job/SAN-JOSE/Senior-Network-Engineer_R51237
Cadence:/job/BANGALORE/Lead-Product-Engineer_R54861,Cadence,Lead Product Engineer,BANGALORE,,https://cadence.wd1.myworkdayjobs.com/en-US/External_Careers/job/BANGALORE/Lead-Product-Engineer_R54861,Posted 5 Days Ago,2026-07-12T07:45:02+00:00,2026-07-12 00:45 Sun,,false,,,,false,workday:Cadence:/job/BANGALORE/Lead-Product-Engineer_R54861
Cadence:/job/HSINCHU/Lead-Product-Engineer_R55275,Cadence,Lead Product Engineer,HSINCHU,,https://cadence.wd1.myworkdayjobs.com/en-US/External_Careers/job/HSINCHU/Lead-Product-Engineer_R55275,Posted 13 Days Ago,2026-07-12T07:45:02+00:00,2026-07-12 00:45 Sun,,false,,,,false,workday:Cadence:/job/HSINCHU/Lead-Product-Engineer_R55275
Cadence:/job/NOIDA/Lead-Product-Engineer_R53585,Cadence,Lead Product Engineer,NOIDA,,https://cadence.wd1.myworkdayjobs.com/en-US/External_Careers/job/NOIDA/Lead-Product-Engineer_R53585,Posted 3 Days Ago,2026-07-12T07:45:02+00:00,2026-07-12 00:45 Sun,,false,,,,false,workday:Cadence:/job/NOIDA/Lead-Product-Engineer_R53585
Cadence:/job/GYEONGGI-DO-Seoul/Lead-Product-Engineer---Innovus_R53654,Cadence,Lead Product Engineer - Innovus,GYEONGGI-DO (Seoul),,https://cadence.wd1.myworkdayjobs.com/en-US/External_Careers/job/GYEONGGI-DO-Seoul/Lead-Product-Engineer---Innovus_R53654,Posted 30+ Days Ago,2026-07-12T07:45:02+00:00,2026-07-12 00:45 Sun,,false,,,,false,workday:Cadence:/job/GYEONGGI-DO-Seoul/Lead-Product-Engineer---Innovus_R53654
Cadence:/job/BELO-HORIZONTE/Lead-Product-Engineer--System-Verification-and-Emulation_R53765,Cadence,Lead Product Engineer: System Verification and Emulation,BELO HORIZONTE,,https://cadence.wd1.myworkdayjobs.com/en-US/External_Careers/job/BELO-HORIZONTE/Lead-Product-Engineer--System-Verification-and-Emulation_R53765,Posted 11 Days Ago,2026-07-12T07:45:02+00:00,2026-07-12 00:45 Sun,,false,,,,false,workday:Cadence:/job/BELO-HORIZONTE/Lead-Product-Engineer--System-Verification-and-Emulation_R53765
Cadence:/job/AUSTIN/Lead-Software-Engineer_R55097,Cadence,Lead Software Engineer,AUSTIN,,https://cadence.wd1.myworkdayjobs.com/en-US/External_Careers/job/AUSTIN/Lead-Software-Engineer_R55097,Posted 30+ Days Ago,2026-07-12T07:45:02+00:00,2026-07-12 00:45 Sun,,false,,,,false,workday:Cadence:/job/AUSTIN/Lead-Software-Engineer_R55097
Cadence:/job/BANGALORE/Lead-Software-Engineer_R52081,Cadence,Lead Software Engineer,BANGALORE,,https://cadence.wd1.myworkdayjobs.com/en-US/External_Careers/job/BANGALORE/Lead-Software-Engineer_R52081,Posted 6 Days Ago,2026-07-12T07:45:02+00:00,2026-07-12 00:45 Sun,,false,,,,false,workday:Cadence:/job/BANGALORE/Lead-Software-Engineer_R52081
Cadence:/job/HSINCHU/Lead-Software-Engineer_R52551,Cadence,Lead Software Engineer,HSINCHU,,https://cadence.wd1.myworkdayjobs.com/en-US/External_Careers/job/HSINCHU/Lead-Software-Engineer_R52551,Posted 5 Days Ago,2026-07-12T07:45:02+00:00,2026-07-12 00:45 Sun,,false,,,,false,workday:Cadence:/job/HSINCHU/Lead-Software-Engineer_R52551
Cadence:/job/HSINCHU/Lead-Software-Engineer_R54367,Cadence,Lead Software Engineer,HSINCHU,,https://cadence.wd1.myworkdayjobs.com/en-US/External_Careers/job/HSINCHU/Lead-Software-Engineer_R54367,Posted 10 Days Ago,2026-07-12T07:45:02+00:00,2026-07-12 00:45 Sun,,false,,,,false,workday:Cadence:/job/HSINCHU/Lead-Software-Engineer_R54367
Cadence:/job/NOIDA/Lead-Software-Engineer_R55003,Cadence,Lead Software Engineer,NOIDA,,https://cadence.wd1.myworkdayjobs.com/en-US/External_Careers/job/NOIDA/Lead-Software-Engineer_R55003,Posted 26 Days Ago,2026-07-12T07:45:02+00:00,2026-07-12 00:45 Sun,,false,,,,false,workday:Cadence:/job/NOIDA/Lead-Software-Engineer_R55003
Cadence:/job/SAN-JOSE/Lead-Software-Engineer_R53879,Cadence,Lead Software Engineer,SAN JOSE,,https://cadence.wd1.myworkdayjobs.com/en-US/External_Careers/job/SAN-JOSE/Lead-Software-Engineer_R53879,Posted 4 Days Ago,2026-07-12T07:45:02+00:00,2026-07-12 00:45 Sun,,false,,,,false,workday:Cadence:/job/SAN-JOSE/Lead-Software-Engineer_R53879
Cadence:/job/SAN-JOSE/Lead-Software-Engineer_R54030,Cadence,Lead Software Engineer,SAN JOSE,,https://cadence.wd1.myworkdayjobs.com/en-US/External_Careers/job/SAN-JOSE/Lead-Software-Engineer_R54030,Posted 24 Days Ago,2026-07-12T07:45:02+00:00,2026-07-12 00:45 Sun,,false,,,,false,workday:Cadence:/job/SAN-JOSE/Lead-Software-Engineer_R54030
Cadence:/job/SAN-JOSE/Software-Engineer-II_R53258-1,Cadence,Lead Software Engineer,SAN JOSE,,https://cadence.wd1.myworkdayjobs.com/en-US/External_Careers/job/SAN-JOSE/Software-Engineer-II_R53258-1,Posted 25 Days Ago,2026-07-12T07:45:02+00:00,2026-07-12 00:45 Sun,,false,,,,false,workday:Cadence:/job/SAN-JOSE/Software-Engineer-II_R53258-1
Cadence:/job/ZHUBEI-01/Lead-Software-Engineer_R55245,Cadence,Lead Software Engineer,ZHUBEI 01,,https://cadence.wd1.myworkdayjobs.com/en-US/External_Careers/job/ZHUBEI-01/Lead-Software-Engineer_R55245,Posted 16 Days Ago,2026-07-12T07:45:02+00:00,2026-07-12 00:45 Sun,,false,,,,false,workday:Cadence:/job/ZHUBEI-01/Lead-Software-Engineer_R55245
Cadence:/job/SHANGHAI/Lead-Software-Engineer---Logic-Synthesis_R55285,Cadence,Lead Software Engineer - Logic Synthesis,SHANGHAI,,https://cadence.wd1.myworkdayjobs.com/en-US/External_Careers/job/SHANGHAI/Lead-Software-Engineer---Logic-Synthesis_R55285,Posted 4 Days Ago,2026-07-12T07:45:02+00:00,2026-07-12 00:45 Sun,,false,,,,false,workday:Cadence:/job/SHANGHAI/Lead-Software-Engineer---Logic-Synthesis_R55285
Cadence:/job/SAN-JOSE/Lead-Software-Engineer---Partitioning-and-Optimization-Algorithms_R55371,Cadence,Lead Software Engineer - Partitioning and Optimization Algorithms,SAN JOSE,,https://cadence.wd1.myworkdayjobs.com/en-US/External_Careers/job/SAN-JOSE/Lead-Software-Engineer---Partitioning-and-Optimization-Algorithms_R55371,Posted 5 Days Ago,2026-07-12T07:45:02+00:00,2026-07-12 00:45 Sun,,false,,,,false,workday:Cadence:/job/SAN-JOSE/Lead-Software-Engineer---Partitioning-and-Optimization-Algorithms_R55371
Cadence:/job/AUSTIN/Lead-Software-Engineer--DFT-ATPG_R55490-1,Cadence,"Lead Software Engineer, DFT/ATPG",AUSTIN,,https://cadence.wd1.myworkdayjobs.com/en-US/External_Careers/job/AUSTIN/Lead-Software-Engineer--DFT-ATPG_R55490-1,Posted 3 Days Ago,2026-07-12T07:45:02+00:00,2026-07-12 00:45 Sun,,false,,,,false,workday:Cadence:/job/AUSTIN/Lead-Software-Engineer--DFT-ATPG_R55490-1
Cadence:/job/SAN-JOSE/Lead-Software-Engineer--ML_R55318-1,Cadence,"Lead Software Engineer, ML",SAN JOSE,,https://cadence.wd1.myworkdayjobs.com/en-US/External_Careers/job/SAN-JOSE/Lead-Software-Engineer--ML_R55318-1,Posted 12 Days Ago,2026-07-12T07:45:02+00:00,2026-07-12 00:45 Sun,,false,,,,false,workday:Cadence:/job/SAN-JOSE/Lead-Software-Engineer--ML_R55318-1
Cadence:/job/SAN-JOSE/Lead-Solutions-Engineer---Runset-Enablement--Physical-Verification-_R52311,Cadence,Lead Solutions Engineer – Runset Enablement (Physical Verification),2 Locations,,https://cadence.wd1.myworkdayjobs.com/en-US/External_Careers/job/SAN-JOSE/Lead-Solutions-Engineer---Runset-Enablement--Physical-Verification-_R52311,Posted 20 Days Ago,2026-07-12T07:45:02+00:00,2026-07-12 00:45 Sun,,false,,,,false,workday:Cadence:/job/SAN-JOSE/Lead-Solutions-Engineer---Runset-Enablement--Physical-Verification-_R52311
Cadence:/job/SAN-JOSE/Design-Engineering-Architect_R54159-1,Cadence,"Memory Interface PHY IP, Design Engineering Architect",SAN JOSE,,https://cadence.wd1.myworkdayjobs.com/en-US/External_Careers/job/SAN-JOSE/Design-Engineering-Architect_R54159-1,Posted 4 Days Ago,2026-07-12T07:45:02+00:00,2026-07-12 00:45 Sun,,false,,,,false,workday:Cadence:/job/SAN-JOSE/Design-Engineering-Architect_R54159-1
Cadence:/job/TORONTO-02/Physical-Design-Engineer--PNR-Physical-Verification-STA-EMIR-_R53457,Cadence,Physical Design Engineer II (PNR/Physical Verification/STA/EMIR),2 Locations,,https://cadence.wd1.myworkdayjobs.com/en-US/External_Careers/job/TORONTO-02/Physical-Design-Engineer--PNR-Physical-Verification-STA-EMIR-_R53457,Posted 24 Days Ago,2026-07-12T07:45:02+00:00,2026-07-12 00:45 Sun,,false,,,,false,workday:Cadence:/job/TORONTO-02/Physical-Design-Engineer--PNR-Physical-Verification-STA-EMIR-_R53457
Cadence:/job/SAN-JOSE/Principal-Application-Engineer_R54688,Cadence,Physical Design Principal AE,SAN JOSE,,https://cadence.wd1.myworkdayjobs.com/en-US/External_Careers/job/SAN-JOSE/Principal-Application-Engineer_R54688,Posted 22 Days Ago,2026-07-12T07:45:02+00:00,2026-07-12 00:45 Sun,,false,,,,false,workday:Cadence:/job/SAN-JOSE/Principal-Application-Engineer_R54688
Cadence:/job/HOME-OR/Principal-AI-Forward-Deployment-Engineer_R54994,Cadence,Principal AI Forward Deployment Engineer,2 Locations,,https://cadence.wd1.myworkdayjobs.com/en-US/External_Careers/job/HOME-OR/Principal-AI-Forward-Deployment-Engineer_R54994,Posted 18 Days Ago,2026-07-12T07:45:02+00:00,2026-07-12 00:45 Sun,,false,,,,false,workday:Cadence:/job/HOME-OR/Principal-AI-Forward-Deployment-Engineer_R54994
Cadence:/job/SAN-JOSE/Principal-Analog-Application-Engineer-for-Custom---Electromagnetic-flows_R55249,Cadence,Principal Analog Application Engineer for Custom / Electromagnetic flows,SAN JOSE,,https://cadence.wd1.myworkdayjobs.com/en-US/External_Careers/job/SAN-JOSE/Principal-Analog-Application-Engineer-for-Custom---Electromagnetic-flows_R55249,Posted 18 Days Ago,2026-07-12T07:45:02+00:00,2026-07-12 00:45 Sun,,false,,,,false,workday:Cadence:/job/SAN-JOSE/Principal-Analog-Application-Engineer-for-Custom---Electromagnetic-flows_R55249
Cadence:/job/BANGALORE/Principal-Application-Engineer_R53452,Cadence,Principal Application Engineer,BANGALORE,,https://cadence.wd1.myworkdayjobs.com/en-US/External_Careers/job/BANGALORE/Principal-Application-Engineer_R53452,Posted 26 Days Ago,2026-07-12T07:45:02+00:00,2026-07-12 00:45 Sun,,false,,,,false,workday:Cadence:/job/BANGALORE/Principal-Application-Engineer_R53452
Cadence:/job/KATOWICE-01/Principal-Application-Engineer--Team-Lead-_R55025-1,Cadence,Principal Application Engineer (Team Lead),KATOWICE 01,,https://cadence.wd1.myworkdayjobs.com/en-US/External_Careers/job/KATOWICE-01/Principal-Application-Engineer--Team-Lead-_R55025-1,Posted 30+ Days Ago,2026-07-12T07:45:02+00:00,2026-07-12 00:45 Sun,,false,,,,false,workday:Cadence:/job/KATOWICE-01/Principal-Application-Engineer--Team-Lead-_R55025-1
Cadence:/job/PENANG-02/Principal-application-Engineer---Digital-Implementation---Physical-Design_R55277,Cadence,Principal application Engineer – Digital Implementation & Physical Design,PENANG 02,,https://cadence.wd1.myworkdayjobs.com/en-US/External_Careers/job/PENANG-02/Principal-application-Engineer---Digital-Implementation---Physical-Design_R55277,Posted 5 Days Ago,2026-07-12T07:45:02+00:00,2026-07-12 00:45 Sun,,false,,,,false,workday:Cadence:/job/PENANG-02/Principal-application-Engineer---Digital-Implementation---Physical-Design_R55277
Cadence:/job/LIVONIA-01/Principal-Customer-Service-Engineer_R54475,Cadence,Principal Customer Service Engineer,2 Locations,,https://cadence.wd1.myworkdayjobs.com/en-US/External_Careers/job/LIVONIA-01/Principal-Customer-Service-Engineer_R54475,Posted 21 Days Ago,2026-07-12T07:45:02+00:00,2026-07-12 00:45 Sun,,false,,,,false,workday:Cadence:/job/LIVONIA-01/Principal-Customer-Service-Engineer_R54475
Cadence:/job/BANGALORE/Principal-Design-Engineer_R54817-1,Cadence,Principal Design Engineer,BANGALORE,,https://cadence.wd1.myworkdayjobs.com/en-US/External_Careers/job/BANGALORE/Principal-Design-Engineer_R54817-1,Posted 19 Days Ago,2026-07-12T07:45:02+00:00,2026-07-12 00:45 Sun,,false,,,,false,workday:Cadence:/job/BANGALORE/Principal-Design-Engineer_R54817-1
Cadence:/job/BANGALORE/Principal-Design-Engineer_R55263,Cadence,Principal Design Engineer,BANGALORE,,https://cadence.wd1.myworkdayjobs.com/en-US/External_Careers/job/BANGALORE/Principal-Design-Engineer_R55263,Posted 17 Days Ago,2026-07-12T07:45:02+00:00,2026-07-12 00:45 Sun,,false,,,,false,workday:Cadence:/job/BANGALORE/Principal-Design-Engineer_R55263
Cadence:/job/PUNE-04/Principal-Design-Engineer_R55236-1,Cadence,Principal Design Engineer,PUNE 04,,https://cadence.wd1.myworkdayjobs.com/en-US/External_Careers/job/PUNE-04/Principal-Design-Engineer_R55236-1,Posted 19 Days Ago,2026-07-12T07:45:02+00:00,2026-07-12 00:45 Sun,,false,,,,false,workday:Cadence:/job/PUNE-04/Principal-Design-Engineer_R55236-1
Cadence:/job/SAN-JOSE/Principal-Design-Engineer_R54892,Cadence,Principal Design Engineer,2 Locations,,https://cadence.wd1.myworkdayjobs.com/en-US/External_Careers/job/SAN-JOSE/Principal-Design-Engineer_R54892,Posted 16 Days Ago,2026-07-12T07:45:02+00:00,2026-07-12 00:45 Sun,,false,,,,false,workday:Cadence:/job/SAN-JOSE/Principal-Design-Engineer_R54892
Cadence:/job/SHANGHAI/Principle-Development-Engineer-Virtual-Solution-_R54938,Cadence,Principal Design Engineer (Virtual Solution),SHANGHAI,,https://cadence.wd1.myworkdayjobs.com/en-US/External_Careers/job/SHANGHAI/Principle-Development-Engineer-Virtual-Solution-_R54938,Posted 30+ Days Ago,2026-07-12T07:45:02+00:00,2026-07-12 00:45 Sun,,false,,,,false,workday:Cadence:/job/SHANGHAI/Principle-Development-Engineer-Virtual-Solution-_R54938
Cadence:/job/SHANGHAI-07/Design-Engineer-II---Verification_R52553,Cadence,Principal Design Engineer - Controller,SHANGHAI 07,,https://cadence.wd1.myworkdayjobs.com/en-US/External_Careers/job/SHANGHAI-07/Design-Engineer-II---Verification_R52553,Posted 4 Days Ago,2026-07-12T07:45:02+00:00,2026-07-12 00:45 Sun,,false,,,,false,workday:Cadence:/job/SHANGHAI-07/Design-Engineer-II---Verification_R52553
Cadence:/job/SHANGHAI/Design-Engineer---Physical-Design_R55332,Cadence,Principal Design Engineer - Physical Design,SHANGHAI,,https://cadence.wd1.myworkdayjobs.com/en-US/External_Careers/job/SHANGHAI/Design-Engineer---Physical-Design_R55332,Posted 15 Days Ago,2026-07-12T07:45:02+00:00,2026-07-12 00:45 Sun,,false,,,,false,workday:Cadence:/job/SHANGHAI/Design-Engineer---Physical-Design_R55332
Cadence:/job/SHANGHAI/Principal-Design-Engineer-Virtual-Solution-_R54952,Cadence,Principal Design Engineer(Virtual Solution),SHANGHAI,,https://cadence.wd1.myworkdayjobs.com/en-US/External_Careers/job/SHANGHAI/Principal-Design-Engineer-Virtual-Solution-_R54952,Posted 30+ Days Ago,2026-07-12T07:45:02+00:00,2026-07-12 00:45 Sun,,false,,,,false,workday:Cadence:/job/SHANGHAI/Principal-Design-Engineer-Virtual-Solution-_R54952
Cadence:/job/BANGALORE/Principal-DFT-Engineer_R55135,Cadence,Principal DFT Engineer,BANGALORE,,https://cadence.wd1.myworkdayjobs.com/en-US/External_Careers/job/BANGALORE/Principal-DFT-Engineer_R55135,Posted Today,2026-07-13T09:40:48+00:00,2026-07-13 02:40 Mon,,false,,,,false,workday:Cadence:/job/BANGALORE/Principal-DFT-Engineer_R55135
Cadence:/job/AUSTIN/Principal-Firmware-Engineer_R53293,Cadence,Principal Firmware Engineer,AUSTIN,,https://cadence.wd1.myworkdayjobs.com/en-US/External_Careers/job/AUSTIN/Principal-Firmware-Engineer_R53293,Posted Today,2026-07-13T20:41:15+00:00,2026-07-13 13:41 Mon,,false,,,,false,workday:Cadence:/job/AUSTIN/Principal-Firmware-Engineer_R53293
Cadence:/job/SAN-JOSE/Principal-Application-Engineer_R53834,Cadence,Principal IC Digital Implementation AE,SAN JOSE,,https://cadence.wd1.myworkdayjobs.com/en-US/External_Careers/job/SAN-JOSE/Principal-Application-Engineer_R53834,Posted 7 Days Ago,2026-07-12T07:45:02+00:00,2026-07-12 00:45 Sun,,false,,,,false,workday:Cadence:/job/SAN-JOSE/Principal-Application-Engineer_R53834
Cadence:/job/AUSTIN/Jasper-Formal-Verification---Sr-Principal-Application-Engineer_R54482,Cadence,Principal Jasper Formal Verification AE,2 Locations,,https://cadence.wd1.myworkdayjobs.com/en-US/External_Careers/job/AUSTIN/Jasper-Formal-Verification---Sr-Principal-Application-Engineer_R54482,Posted 3 Days Ago,2026-07-12T07:45:02+00:00,2026-07-12 00:45 Sun,,false,,,,false,workday:Cadence:/job/AUSTIN/Jasper-Formal-Verification---Sr-Principal-Application-Engineer_R54482
Cadence:/job/HSINCHU/Principal-Product-Engineer_R54983,Cadence,Principal Product Engineer,HSINCHU,,https://cadence.wd1.myworkdayjobs.com/en-US/External_Careers/job/HSINCHU/Principal-Product-Engineer_R54983,Posted 25 Days Ago,2026-07-12T07:45:02+00:00,2026-07-12 00:45 Sun,,false,,,,false,workday:Cadence:/job/HSINCHU/Principal-Product-Engineer_R54983
Cadence:/job/BANGALORE/Principal-Product-Engineer_R52811,Cadence,Principal Product Engineer,BANGALORE,,https://cadence.wd1.myworkdayjobs.com/en-US/External_Careers/job/BANGALORE/Principal-Product-Engineer_R52811,Posted Today,2026-07-14T05:58:49+00:00,2026-07-13 22:58 Mon,,false,,,,false,workday:Cadence:/job/BANGALORE/Principal-Product-Engineer_R52811
Cadence:/job/SAN-JOSE/Principal-Product-Engineer--Analog-Design-Automation-_R53463,Cadence,Principal Product Engineer (Analog Design Automation),SAN JOSE,,https://cadence.wd1.myworkdayjobs.com/en-US/External_Careers/job/SAN-JOSE/Principal-Product-Engineer--Analog-Design-Automation-_R53463,Posted 6 Days Ago,2026-07-12T07:45:02+00:00,2026-07-12 00:45 Sun,,false,,,,false,workday:Cadence:/job/SAN-JOSE/Principal-Product-Engineer--Analog-Design-Automation-_R53463
Cadence:/job/SAN-JOSE/Principal-Product-Engineer--Analog-Design-Automation-_R53464,Cadence,Principal Product Engineer (Analog Design Automation),SAN JOSE,,https://cadence.wd1.myworkdayjobs.com/en-US/External_Careers/job/SAN-JOSE/Principal-Product-Engineer--Analog-Design-Automation-_R53464,Posted 6 Days Ago,2026-07-12T07:45:02+00:00,2026-07-12 00:45 Sun,,false,,,,false,workday:Cadence:/job/SAN-JOSE/Principal-Product-Engineer--Analog-Design-Automation-_R53464
Cadence:/job/EDINBURGH-01/Principal-Product-Engineer---Custom-Layout---Virtuoso-Applications_R54863,Cadence,Principal Product Engineer - Custom Layout & Virtuoso Applications,EDINBURGH 01,,https://cadence.wd1.myworkdayjobs.com/en-US/External_Careers/job/EDINBURGH-01/Principal-Product-Engineer---Custom-Layout---Virtuoso-Applications_R54863,Posted Today,2026-07-14T14:59:02+00:00,2026-07-14 07:59 Tue,,false,,,,false,workday:Cadence:/job/EDINBURGH-01/Principal-Product-Engineer---Custom-Layout---Virtuoso-Applications_R54863
Cadence:/job/SAN-JOSE/Principal-Product-Engineer_R52413,Cadence,"Principal Product Engineer, Synthesis",SAN JOSE,,https://cadence.wd1.myworkdayjobs.com/en-US/External_Careers/job/SAN-JOSE/Principal-Product-Engineer_R52413,Posted 12 Days Ago,2026-07-12T07:45:02+00:00,2026-07-12 00:45 Sun,,false,,,,false,workday:Cadence:/job/SAN-JOSE/Principal-Product-Engineer_R52413
Cadence:/job/CORK-01/Principal-Software-Engineer_R55114,Cadence,Principal Software Engineer,CORK 01,,https://cadence.wd1.myworkdayjobs.com/en-US/External_Careers/job/CORK-01/Principal-Software-Engineer_R55114,Posted 4 Days Ago,2026-07-12T07:45:02+00:00,2026-07-12 00:45 Sun,,false,,,,false,workday:Cadence:/job/CORK-01/Principal-Software-Engineer_R55114
Cadence:/job/SAN-JOSE/Lead-Software-Engineer_R55272,Cadence,"Principal Software Engineer, ML",SAN JOSE,,https://cadence.wd1.myworkdayjobs.com/en-US/External_Careers/job/SAN-JOSE/Lead-Software-Engineer_R55272,Posted 18 Days Ago,2026-07-12T07:45:02+00:00,2026-07-12 00:45 Sun,,false,,,,false,workday:Cadence:/job/SAN-JOSE/Lead-Software-Engineer_R55272
Cadence:/job/BANGALORE/Principal-Design-Engineer_R52373,Cadence,Principal Solutions Engineer,BANGALORE,,https://cadence.wd1.myworkdayjobs.com/en-US/External_Careers/job/BANGALORE/Principal-Design-Engineer_R52373,Posted 11 Days Ago,2026-07-12T07:45:02+00:00,2026-07-12 00:45 Sun,,false,,,,false,workday:Cadence:/job/BANGALORE/Principal-Design-Engineer_R52373
Cadence:/job/SAN-JOSE/Principal-Hardware-Design-Engineer---Palladium-and-Protium_R48164-1,Cadence,Principal Thermal Mechanical Engineer,SAN JOSE,,https://cadence.wd1.myworkdayjobs.com/en-US/External_Careers/job/SAN-JOSE/Principal-Hardware-Design-Engineer---Palladium-and-Protium_R48164-1,Posted Today,2026-07-14T22:40:39+00:00,2026-07-14 15:40 Tue,,false,,,,false,workday:Cadence:/job/SAN-JOSE/Principal-Hardware-Design-Engineer---Palladium-and-Protium_R48164-1
Cadence:/job/SHANGHAI/Prinicipal-Customer-Engagement-Engineer---PDK_R54574,Cadence,Prinicipal Customer Engagement Engineer - PDK,SHANGHAI,,https://cadence.wd1.myworkdayjobs.com/en-US/External_Careers/job/SHANGHAI/Prinicipal-Customer-Engagement-Engineer---PDK_R54574,Posted 30+ Days Ago,2026-07-12T07:45:02+00:00,2026-07-12 00:45 Sun,,false,,,,false,workday:Cadence:/job/SHANGHAI/Prinicipal-Customer-Engagement-Engineer---PDK_R54574
Cadence:/job/SAN-JOSE/Product-Engineer_R55340-1,Cadence,Product Engineer (Analog Design Environment),SAN JOSE,,https://cadence.wd1.myworkdayjobs.com/en-US/External_Careers/job/SAN-JOSE/Product-Engineer_R55340-1,Posted Today,2026-07-13T21:59:11+00:00,2026-07-13 14:59 Mon,,false,,,,false,workday:Cadence:/job/SAN-JOSE/Product-Engineer_R55340-1
Cadence:/job/ZHUBEI-01/Product-Engineer-II_R55313,Cadence,Product Engineer II,ZHUBEI 01,,https://cadence.wd1.myworkdayjobs.com/en-US/External_Careers/job/ZHUBEI-01/Product-Engineer-II_R55313,Posted 18 Days Ago,2026-07-12T07:45:02+00:00,2026-07-12 00:45 Sun,,false,,,,false,workday:Cadence:/job/ZHUBEI-01/Product-Engineer-II_R55313
Cadence:/job/BANGALORE-05/Product-Engineer-II---Low-Power_R54418,Cadence,Product Engineer II - Low Power,BANGALORE 05,,https://cadence.wd1.myworkdayjobs.com/en-US/External_Careers/job/BANGALORE-05/Product-Engineer-II---Low-Power_R54418,Posted 4 Days Ago,2026-07-12T07:45:02+00:00,2026-07-12 00:45 Sun,,false,,,,false,workday:Cadence:/job/BANGALORE-05/Product-Engineer-II---Low-Power_R54418
Cadence:/job/GYEONGGI-DO-03-SEOUL/Product-Engineer-II---P-R_R55073-1,Cadence,Product Engineer II - P&R,GYEONGGI-DO 03 (SEOUL),,https://cadence.wd1.myworkdayjobs.com/en-US/External_Careers/job/GYEONGGI-DO-03-SEOUL/Product-Engineer-II---P-R_R55073-1,Posted 30+ Days Ago,2026-07-12T07:45:02+00:00,2026-07-12 00:45 Sun,,false,,,,false,workday:Cadence:/job/GYEONGGI-DO-03-SEOUL/Product-Engineer-II---P-R_R55073-1
Cadence:/job/GYEONGGI-DO-Seoul/Product-Engineering-Architect_R54871,Cadence,Product Engineering Architect,GYEONGGI-DO (Seoul),,https://cadence.wd1.myworkdayjobs.com/en-US/External_Careers/job/GYEONGGI-DO-Seoul/Product-Engineering-Architect_R54871,Posted 27 Days Ago,2026-07-12T07:45:02+00:00,2026-07-12 00:45 Sun,,false,,,,false,workday:Cadence:/job/GYEONGGI-DO-Seoul/Product-Engineering-Architect_R54871
Cadence:/job/GYEONGGI-DO-Seoul/Product-Engineering-Architect---Verification_R55053,Cadence,Product Engineering Architect - Verification,GYEONGGI-DO (Seoul),,https://cadence.wd1.myworkdayjobs.com/en-US/External_Careers/job/GYEONGGI-DO-Seoul/Product-Engineering-Architect---Verification_R55053,Posted 30+ Days Ago,2026-07-12T07:45:02+00:00,2026-07-12 00:45 Sun,,false,,,,false,workday:Cadence:/job/GYEONGGI-DO-Seoul/Product-Engineering-Architect---Verification_R55053
Cadence:/job/SHANGHAI/Product-Validation-Engineer-II_R55342,Cadence,Product Validation Engineer II,SHANGHAI,,https://cadence.wd1.myworkdayjobs.com/en-US/External_Careers/job/SHANGHAI/Product-Validation-Engineer-II_R55342,Posted 6 Days Ago,2026-07-12T07:45:02+00:00,2026-07-12 00:45 Sun,,false,,,,false,workday:Cadence:/job/SHANGHAI/Product-Validation-Engineer-II_R55342
Cadence:/job/SAN-JOSE/Quantum-Product-Engineer_R53469,Cadence,Quantum Product Engineer,SAN JOSE,,https://cadence.wd1.myworkdayjobs.com/en-US/External_Careers/job/SAN-JOSE/Quantum-Product-Engineer_R53469,Posted 6 Days Ago,2026-07-12T07:45:02+00:00,2026-07-12 00:45 Sun,,false,,,,false,workday:Cadence:/job/SAN-JOSE/Quantum-Product-Engineer_R53469
Cadence:/job/SAN-JOSE/Revenue-Accounting-Manager_R55125,Cadence,Revenue Accounting Manager,SAN JOSE,,https://cadence.wd1.myworkdayjobs.com/en-US/External_Careers/job/SAN-JOSE/Revenue-Accounting-Manager_R55125,Posted 24 Days Ago,2026-07-12T07:45:02+00:00,2026-07-12 00:45 Sun,,false,,,,false,workday:Cadence:/job/SAN-JOSE/Revenue-Accounting-Manager_R55125
Cadence:/job/HOME-CO/Sr-Principal-Application-Engineer_R55110-1,Cadence,"RTL2 GDS, Sr Principal AE",HOME CO,,https://cadence.wd1.myworkdayjobs.com/en-US/External_Careers/job/HOME-CO/Sr-Principal-Application-Engineer_R55110-1,Posted 7 Days Ago,2026-07-12T07:45:02+00:00,2026-07-12 00:45 Sun,,false,,,,false,workday:Cadence:/job/HOME-CO/Sr-Principal-Application-Engineer_R55110-1
Cadence:/job/SAN-JOSE/Principal-Product-Engineer_R54972,Cadence,RTL2GDS Principal Product Engineer,SAN JOSE,,https://cadence.wd1.myworkdayjobs.com/en-US/External_Careers/job/SAN-JOSE/Principal-Product-Engineer_R54972,Posted 7 Days Ago,2026-07-12T07:45:02+00:00,2026-07-12 00:45 Sun,,false,,,,false,workday:Cadence:/job/SAN-JOSE/Principal-Product-Engineer_R54972
Cadence:/job/SAN-JOSE/RTL2GDS--Principal-AE_R54780,Cadence,"RTL2GDS, Principal AE",SAN JOSE,,https://cadence.wd1.myworkdayjobs.com/en-US/External_Careers/job/SAN-JOSE/RTL2GDS--Principal-AE_R54780,Posted 7 Days Ago,2026-07-12T07:45:02+00:00,2026-07-12 00:45 Sun,,false,,,,false,workday:Cadence:/job/SAN-JOSE/RTL2GDS--Principal-AE_R54780
Cadence:/job/AUSTIN/Senior-Principal-Design-Engineer_R54727,Cadence,"RTL2GDS, Senior Principal Design Engineer",2 Locations,,https://cadence.wd1.myworkdayjobs.com/en-US/External_Careers/job/AUSTIN/Senior-Principal-Design-Engineer_R54727,Posted 7 Days Ago,2026-07-12T07:45:02+00:00,2026-07-12 00:45 Sun,,false,,,,false,workday:Cadence:/job/AUSTIN/Senior-Principal-Design-Engineer_R54727
Cadence:/job/SAN-JOSE/Sr-Principal-Product-Engineer_R54516,Cadence,"RTL2GDS, Sr. Principal Product Engineer",SAN JOSE,,https://cadence.wd1.myworkdayjobs.com/en-US/External_Careers/job/SAN-JOSE/Sr-Principal-Product-Engineer_R54516,Posted 13 Days Ago,2026-07-12T07:45:02+00:00,2026-07-12 00:45 Sun,,false,,,,false,workday:Cadence:/job/SAN-JOSE/Sr-Principal-Product-Engineer_R54516
Cadence:/job/VELIZY-Paris/Sales-Application-Engineer---Hardware-Emulation---Prototyping--Palladium-_R55155,Cadence,Sales Application Engineer - Hardware Emulation & Prototyping (Palladium),VELIZY (Paris),,https://cadence.wd1.myworkdayjobs.com/en-US/External_Careers/job/VELIZY-Paris/Sales-Application-Engineer---Hardware-Emulation---Prototyping--Palladium-_R55155,Posted 17 Days Ago,2026-07-12T07:45:02+00:00,2026-07-12 00:45 Sun,,false,,,,false,workday:Cadence:/job/VELIZY-Paris/Sales-Application-Engineer---Hardware-Emulation---Prototyping--Palladium-_R55155
Cadence:/job/DUBLIN-02/Sales-Finance-Specialist_R54325-1,Cadence,Sales Finance Specialist,DUBLIN 02,,https://cadence.wd1.myworkdayjobs.com/en-US/External_Careers/job/DUBLIN-02/Sales-Finance-Specialist_R54325-1,Posted 19 Days Ago,2026-07-12T07:45:02+00:00,2026-07-12 00:45 Sun,,false,,,,false,workday:Cadence:/job/DUBLIN-02/Sales-Finance-Specialist_R54325-1
Cadence:/job/SAN-JOSE/Senior-AI-Engineer_R53468-1,Cadence,Senior AI Engineer,SAN JOSE,,https://cadence.wd1.myworkdayjobs.com/en-US/External_Careers/job/SAN-JOSE/Senior-AI-Engineer_R53468-1,Posted 6 Days Ago,2026-07-12T07:45:02+00:00,2026-07-12 00:45 Sun,,false,,,,false,workday:Cadence:/job/SAN-JOSE/Senior-AI-Engineer_R53468-1
Cadence:/job/SAN-JOSE/Senior-Distributed-Systems-Engineer---EDA-VLSI-Platform_R53147,Cadence,Senior Distributed Systems Engineer - EDA/VLSI Platform,SAN JOSE,,https://cadence.wd1.myworkdayjobs.com/en-US/External_Careers/job/SAN-JOSE/Senior-Distributed-Systems-Engineer---EDA-VLSI-Platform_R53147,Posted 6 Days Ago,2026-07-12T07:45:02+00:00,2026-07-12 00:45 Sun,,false,,,,false,workday:Cadence:/job/SAN-JOSE/Senior-Distributed-Systems-Engineer---EDA-VLSI-Platform_R53147
Cadence:/job/SAN-JOSE/Senior-Application-Engineer_R54073,Cadence,Senior Emulation/Verification AE,SAN JOSE,,https://cadence.wd1.myworkdayjobs.com/en-US/External_Careers/job/SAN-JOSE/Senior-Application-Engineer_R54073,Posted 5 Days Ago,2026-07-12T07:45:02+00:00,2026-07-12 00:45 Sun,,false,,,,false,workday:Cadence:/job/SAN-JOSE/Senior-Application-Engineer_R54073
Cadence:/job/SAN-JOSE/Senior-Principal-IC-Design-Verification-Application-Engineer_R54114,Cadence,Senior IC Design Verification Application Engineer,SAN JOSE,,https://cadence.wd1.myworkdayjobs.com/en-US/External_Careers/job/SAN-JOSE/Senior-Principal-IC-Design-Verification-Application-Engineer_R54114,Posted 20 Days Ago,2026-07-12T07:45:02+00:00,2026-07-12 00:45 Sun,,false,,,,false,workday:Cadence:/job/SAN-JOSE/Senior-Principal-IC-Design-Verification-Application-Engineer_R54114
Cadence:/job/NOIDA/Senior-Internal-Auditor_R55279,Cadence,Senior Internal Auditor,NOIDA,,https://cadence.wd1.myworkdayjobs.com/en-US/External_Careers/job/NOIDA/Senior-Internal-Auditor_R55279,Posted 11 Days Ago,2026-07-12T07:45:02+00:00,2026-07-12 00:45 Sun,,false,,,,false,workday:Cadence:/job/NOIDA/Senior-Internal-Auditor_R55279
Cadence:/job/NOIDA/Senior-Network-Engineer_R53236,Cadence,Senior Network Engineer,2 Locations,,https://cadence.wd1.myworkdayjobs.com/en-US/External_Careers/job/NOIDA/Senior-Network-Engineer_R53236,Posted Today,2026-07-14T07:16:51+00:00,2026-07-14 00:16 Tue,,false,,,,false,workday:Cadence:/job/NOIDA/Senior-Network-Engineer_R53236
Cadence:/job/PROVIDENCE-01/Senior-Principal-Application-Engineer---Physical-Systems_R55079,Cadence,Senior Principal Application Engineer - Physical Systems,PROVIDENCE 01,,https://cadence.wd1.myworkdayjobs.com/en-US/External_Careers/job/PROVIDENCE-01/Senior-Principal-Application-Engineer---Physical-Systems_R55079,Posted 30+ Days Ago,2026-07-12T07:45:02+00:00,2026-07-12 00:45 Sun,,false,,,,false,workday:Cadence:/job/PROVIDENCE-01/Senior-Principal-Application-Engineer---Physical-Systems_R55079
Cadence:/job/CARY-02/Senior-Principal-Hardware-Engineer_R55491,Cadence,Senior Principal Hardware Engineer,CARY 02,,https://cadence.wd1.myworkdayjobs.com/en-US/External_Careers/job/CARY-02/Senior-Principal-Hardware-Engineer_R55491,Posted 3 Days Ago,2026-07-12T07:45:02+00:00,2026-07-12 00:45 Sun,,false,,,,false,workday:Cadence:/job/CARY-02/Senior-Principal-Hardware-Engineer_R55491
Cadence:/job/SAN-JOSE-11/Senior-Principal-Product-Manager---Digital-and-Mixed-Signal-Verification-Solutions_R55252-1,Cadence,Senior Principal Product Manager - Digital and Mixed Signal Verification Solutions,2 Locations,,https://cadence.wd1.myworkdayjobs.com/en-US/External_Careers/job/SAN-JOSE-11/Senior-Principal-Product-Manager---Digital-and-Mixed-Signal-Verification-Solutions_R55252-1,Posted 3 Days Ago,2026-07-12T07:45:02+00:00,2026-07-12 00:45 Sun,,false,,,,false,workday:Cadence:/job/SAN-JOSE-11/Senior-Principal-Product-Manager---Digital-and-Mixed-Signal-Verification-Solutions_R55252-1
Cadence:/job/AUSTIN/Senior-Principal-Product-Manager---Digital-and-Mixed-signal-Verification-Solutions_R55251,Cadence,Senior Principal Product Manager - Digital and Mixed-signal Verification Solutions,AUSTIN,,https://cadence.wd1.myworkdayjobs.com/en-US/External_Careers/job/AUSTIN/Senior-Principal-Product-Manager---Digital-and-Mixed-signal-Verification-Solutions_R55251,Posted 3 Days Ago,2026-07-12T07:45:02+00:00,2026-07-12 00:45 Sun,,false,,,,false,workday:Cadence:/job/AUSTIN/Senior-Principal-Product-Manager---Digital-and-Mixed-signal-Verification-Solutions_R55251
Cadence:/job/SAN-JOSE-05/Sr-Procurement-Systems-Analyst_R51338,Cadence,Senior Procurement Systems Analyst,SAN JOSE 05,,https://cadence.wd1.myworkdayjobs.com/en-US/External_Careers/job/SAN-JOSE-05/Sr-Procurement-Systems-Analyst_R51338,Posted 11 Days Ago,2026-07-12T07:45:02+00:00,2026-07-12 00:45 Sun,,false,,,,false,workday:Cadence:/job/SAN-JOSE-05/Sr-Procurement-Systems-Analyst_R51338
Cadence:/job/SAN-JOSE/Senior-Software-Engineer_R53571,Cadence,Senior Software Engineer,2 Locations,,https://cadence.wd1.myworkdayjobs.com/en-US/External_Careers/job/SAN-JOSE/Senior-Software-Engineer_R53571,Posted 6 Days Ago,2026-07-12T07:45:02+00:00,2026-07-12 00:45 Sun,,false,,,,false,workday:Cadence:/job/SAN-JOSE/Senior-Software-Engineer_R53571
Cadence:/job/SAN-JOSE/Design-Engineering-Architect_R52908-1,Cadence,SerDes IP Systems Engineering Director,SAN JOSE,,https://cadence.wd1.myworkdayjobs.com/en-US/External_Careers/job/SAN-JOSE/Design-Engineering-Architect_R52908-1,Posted 20 Days Ago,2026-07-12T07:45:02+00:00,2026-07-12 00:45 Sun,,false,,,,false,workday:Cadence:/job/SAN-JOSE/Design-Engineering-Architect_R52908-1
Cadence:/job/No-Seat-Req-United-States/SI-PI-for-3DIC-Sr-Principle-Solutions-Engineer_R53590,Cadence,SI/PI for 3DIC Sr Principle Solutions Engineer,5 Locations,,https://cadence.wd1.myworkdayjobs.com/en-US/External_Careers/job/No-Seat-Req-United-States/SI-PI-for-3DIC-Sr-Principle-Solutions-Engineer_R53590,Posted 6 Days Ago,2026-07-12T07:45:02+00:00,2026-07-12 00:45 Sun,,false,,,,false,workday:Cadence:/job/No-Seat-Req-United-States/SI-PI-for-3DIC-Sr-Principle-Solutions-Engineer_R53590
Cadence:/job/VELIZY-Paris/Signal-and-Power-Integrity-Lead-Application-Engineer_R55220,Cadence,Signal and Power Integrity Lead Application Engineer,3 Locations,,https://cadence.wd1.myworkdayjobs.com/en-US/External_Careers/job/VELIZY-Paris/Signal-and-Power-Integrity-Lead-Application-Engineer_R55220,Posted 18 Days Ago,2026-07-12T07:45:02+00:00,2026-07-12 00:45 Sun,,false,,,,false,workday:Cadence:/job/VELIZY-Paris/Signal-and-Power-Integrity-Lead-Application-Engineer_R55220
Cadence:/job/SAN-JOSE/Software-Architect--3DIC-P-R---AI-driven-EDA-Automation_R54854,Cadence,"Software Architect, 3DIC P&R & AI-driven EDA Automation",SAN JOSE,,https://cadence.wd1.myworkdayjobs.com/en-US/External_Careers/job/SAN-JOSE/Software-Architect--3DIC-P-R---AI-driven-EDA-Automation_R54854,Posted Today,2026-07-13T18:10:35+00:00,2026-07-13 11:10 Mon,Computer Vision,true,Keyword,43,keyword-only heuristic,false,workday:Cadence:/job/SAN-JOSE/Software-Architect--3DIC-P-R---AI-driven-EDA-Automation_R54854
Cadence:/job/PORT-MOODY-01-VANCOUVER/Software-Engineer--Circuit-Analysis--EDA-frameworks--AI-agents-_R53165-1,Cadence,"Software Engineer (Circuit Analysis, EDA frameworks, AI agents)",PORT MOODY 01 (VANCOUVER),,https://cadence.wd1.myworkdayjobs.com/en-US/External_Careers/job/PORT-MOODY-01-VANCOUVER/Software-Engineer--Circuit-Analysis--EDA-frameworks--AI-agents-_R53165-1,Posted 6 Days Ago,2026-07-12T07:45:02+00:00,2026-07-12 00:45 Sun,,false,,,,false,workday:Cadence:/job/PORT-MOODY-01-VANCOUVER/Software-Engineer--Circuit-Analysis--EDA-frameworks--AI-agents-_R53165-1
Cadence:https://cadence.wd1.myworkdayjobs.com/en-US/external_careers/job/AUSTIN-03/Software-Engineer-I_R53009-1,Cadence,Software Engineer I,AUSTIN,,https://cadence.wd1.myworkdayjobs.com/en-US/external_careers/job/AUSTIN-03/Software-Engineer-I_R53009-1,,2026-07-07T05:59:38+00:00,2026-07-06 22:59 Mon,,false,,,,false,speedyapply:SpeedyApply SWE:https://cadence.wd1.myworkdayjobs.com/en-US/external_careers/job/AUSTIN-03/Software-Engineer-I_R53009-1
Cadence:/job/HSINCHU/Software-Engineer-II_R54910,Cadence,Software Engineer II,HSINCHU,,https://cadence.wd1.myworkdayjobs.com/en-US/External_Careers/job/HSINCHU/Software-Engineer-II_R54910,Posted 27 Days Ago,2026-07-12T07:45:02+00:00,2026-07-12 00:45 Sun,,false,,,,false,workday:Cadence:/job/HSINCHU/Software-Engineer-II_R54910
Cadence:/job/SAN-JOSE/Software-Engineer-II_R51635-1,Cadence,Software Engineer II,SAN JOSE,,https://cadence.wd1.myworkdayjobs.com/en-US/External_Careers/job/SAN-JOSE/Software-Engineer-II_R51635-1,Posted 26 Days Ago,2026-07-12T07:45:02+00:00,2026-07-12 00:45 Sun,,false,,,,false,workday:Cadence:/job/SAN-JOSE/Software-Engineer-II_R51635-1
Cadence:/job/SAN-JOSE/Software-Engineer-II_R55205-1,Cadence,Software Engineer II,SAN JOSE,,https://cadence.wd1.myworkdayjobs.com/en-US/External_Careers/job/SAN-JOSE/Software-Engineer-II_R55205-1,Posted 26 Days Ago,2026-07-12T07:45:02+00:00,2026-07-12 00:45 Sun,,false,,,,false,workday:Cadence:/job/SAN-JOSE/Software-Engineer-II_R55205-1
Cadence:/job/TAIPEI-02/Senior-Software-Engineer--Integrity-3D-IC-Infra-_R54807,Cadence,Software Engineer II,TAIPEI 02,,https://cadence.wd1.myworkdayjobs.com/en-US/External_Careers/job/TAIPEI-02/Senior-Software-Engineer--Integrity-3D-IC-Infra-_R54807,Posted 5 Days Ago,2026-07-12T07:45:02+00:00,2026-07-12 00:45 Sun,,false,,,,false,workday:Cadence:/job/TAIPEI-02/Senior-Software-Engineer--Integrity-3D-IC-Infra-_R54807
Cadence:/job/ZHUBEI-01/Software-Engineer-II_R55237-1,Cadence,Software Engineer II,ZHUBEI 01,,https://cadence.wd1.myworkdayjobs.com/en-US/External_Careers/job/ZHUBEI-01/Software-Engineer-II_R55237-1,Posted 16 Days Ago,2026-07-12T07:45:02+00:00,2026-07-12 00:45 Sun,,false,,,,false,workday:Cadence:/job/ZHUBEI-01/Software-Engineer-II_R55237-1
Cadence:/job/SAN-JOSE/Sr-Principal-Software-Engineer_R52773,Cadence,"Software Engineer II , Synthesis",SAN JOSE,,https://cadence.wd1.myworkdayjobs.com/en-US/External_Careers/job/SAN-JOSE/Sr-Principal-Software-Engineer_R52773,Posted 17 Days Ago,2026-07-12T07:45:02+00:00,2026-07-12 00:45 Sun,,false,,,,false,workday:Cadence:/job/SAN-JOSE/Sr-Principal-Software-Engineer_R52773
Cadence:/job/CAMBRIDGE/Software-Engineer-II_R55345,Cadence,"Software Engineer II - Clock Tree Synthesis (CTS), Innovus R&D",CAMBRIDGE,,https://cadence.wd1.myworkdayjobs.com/en-US/External_Careers/job/CAMBRIDGE/Software-Engineer-II_R55345,Posted 2 Days Ago,2026-07-12T07:45:02+00:00,2026-07-12 00:45 Sun,,false,,,,false,workday:Cadence:/job/CAMBRIDGE/Software-Engineer-II_R55345
Cadence:/job/BELO-HORIZONTE/Software-Engineer-II---AI-Compiler-Engineer_R54898,Cadence,Software Engineer II : AI Compiler Engineer,BELO HORIZONTE,,https://cadence.wd1.myworkdayjobs.com/en-US/External_Careers/job/BELO-HORIZONTE/Software-Engineer-II---AI-Compiler-Engineer_R54898,Posted 30+ Days Ago,2026-07-12T07:45:02+00:00,2026-07-12 00:45 Sun,,false,,,,false,workday:Cadence:/job/BELO-HORIZONTE/Software-Engineer-II---AI-Compiler-Engineer_R54898
Cadence:/job/SAN-JOSE/Software-Engineer-II--AI-Platform_R55030-1,Cadence,"Software Engineer II, AI Platform",SAN JOSE,,https://cadence.wd1.myworkdayjobs.com/en-US/External_Careers/job/SAN-JOSE/Software-Engineer-II--AI-Platform_R55030-1,Posted 30+ Days Ago,2026-07-12T07:45:02+00:00,2026-07-12 00:45 Sun,,false,,,,false,workday:Cadence:/job/SAN-JOSE/Software-Engineer-II--AI-Platform_R55030-1
Cadence:/job/AUSTIN/Software-Engineer-II--AI-Compiler-Engineer_R55174,Cadence,Software Engineer II: AI Compiler Engineer,AUSTIN,,https://cadence.wd1.myworkdayjobs.com/en-US/External_Careers/job/AUSTIN/Software-Engineer-II--AI-Compiler-Engineer_R55174,Posted 27 Days Ago,2026-07-12T07:45:02+00:00,2026-07-12 00:45 Sun,,false,,,,false,workday:Cadence:/job/AUSTIN/Software-Engineer-II--AI-Compiler-Engineer_R55174
Cadence:/job/AUSTIN/Software-Engineer-II--AI-Compiler-Engineer_R55175-1,Cadence,Software Engineer II: AI Compiler Engineer,AUSTIN,,https://cadence.wd1.myworkdayjobs.com/en-US/External_Careers/job/AUSTIN/Software-Engineer-II--AI-Compiler-Engineer_R55175-1,Posted 27 Days Ago,2026-07-12T07:45:02+00:00,2026-07-12 00:45 Sun,,false,,,,false,workday:Cadence:/job/AUSTIN/Software-Engineer-II--AI-Compiler-Engineer_R55175-1
Cadence:/job/BELO-HORIZONTE/Software-Engineer-II--Jasper-R-D_R55338,Cadence,Software Engineer II: Jasper R&D,BELO HORIZONTE,,https://cadence.wd1.myworkdayjobs.com/en-US/External_Careers/job/BELO-HORIZONTE/Software-Engineer-II--Jasper-R-D_R55338,Posted 12 Days Ago,2026-07-12T07:45:02+00:00,2026-07-12 00:45 Sun,,false,,,,false,workday:Cadence:/job/BELO-HORIZONTE/Software-Engineer-II--Jasper-R-D_R55338
Cadence:/job/BELO-HORIZONTE/Software-Engineer-II--Verification-IP-Development_R51551-1,Cadence,Software Engineer II: Verification IP Development,BELO HORIZONTE,,https://cadence.wd1.myworkdayjobs.com/en-US/External_Careers/job/BELO-HORIZONTE/Software-Engineer-II--Verification-IP-Development_R51551-1,Posted 11 Days Ago,2026-07-12T07:45:02+00:00,2026-07-12 00:45 Sun,,false,,,,false,workday:Cadence:/job/BELO-HORIZONTE/Software-Engineer-II--Verification-IP-Development_R51551-1
Cadence:/job/AUSTIN/Software-Engineering-Director-Architect--3DIC-P-R---AI-driven-EDA-Automation_R55438,Cadence,"Software Engineering Director/Architect, 3DIC P&R & AI-driven EDA Automation",AUSTIN,,https://cadence.wd1.myworkdayjobs.com/en-US/External_Careers/job/AUSTIN/Software-Engineering-Director-Architect--3DIC-P-R---AI-driven-EDA-Automation_R55438,Posted Today,2026-07-13T20:41:15+00:00,2026-07-13 13:41 Mon,,false,,,,false,workday:Cadence:/job/AUSTIN/Software-Engineering-Director-Architect--3DIC-P-R---AI-driven-EDA-Automation_R55438
Cadence:https://cadence.wd1.myworkdayjobs.com/en-US/external_careers/job/SAN-JOSE/Software-Intern_R53282-1,Cadence,Software Intern,SAN JOSE,,https://cadence.wd1.myworkdayjobs.com/en-US/external_careers/job/SAN-JOSE/Software-Intern_R53282-1,,2026-07-07T05:59:38+00:00,2026-07-06 22:59 Mon,,false,,,,false,speedyapply:SpeedyApply SWE:https://cadence.wd1.myworkdayjobs.com/en-US/external_careers/job/SAN-JOSE/Software-Intern_R53282-1
Cadence:/job/SAN-JOSE/Software-Security-Architect_R50300,Cadence,Software Security Architect,SAN JOSE,,https://cadence.wd1.myworkdayjobs.com/en-US/External_Careers/job/SAN-JOSE/Software-Security-Architect_R50300,Posted 6 Days Ago,2026-07-12T07:45:02+00:00,2026-07-12 00:45 Sun,,false,,,,false,workday:Cadence:/job/SAN-JOSE/Software-Security-Architect_R50300
Cadence:/job/KATOWICE-01/Sr-Application-Engineer_R55027,Cadence,Sr Application Engineer,KATOWICE 01,,https://cadence.wd1.myworkdayjobs.com/en-US/External_Careers/job/KATOWICE-01/Sr-Application-Engineer_R55027,Posted 30+ Days Ago,2026-07-12T07:45:02+00:00,2026-07-12 00:45 Sun,,false,,,,false,workday:Cadence:/job/KATOWICE-01/Sr-Application-Engineer_R55027
Cadence:/job/CORK-01/Sr-Embedded-Software-engineer_R54946,Cadence,Sr Embedded Software engineer,CORK 01,,https://cadence.wd1.myworkdayjobs.com/en-US/External_Careers/job/CORK-01/Sr-Embedded-Software-engineer_R54946,Posted 26 Days Ago,2026-07-12T07:45:02+00:00,2026-07-12 00:45 Sun,,false,,,,false,workday:Cadence:/job/CORK-01/Sr-Embedded-Software-engineer_R54946
Cadence:/job/SAN-JOSE/Sr-IP-Sales-Executive_R53905-1,Cadence,Sr IP Sales Executive II,2 Locations,,https://cadence.wd1.myworkdayjobs.com/en-US/External_Careers/job/SAN-JOSE/Sr-IP-Sales-Executive_R53905-1,Posted 3 Days Ago,2026-07-12T07:45:02+00:00,2026-07-12 00:45 Sun,,false,,,,false,workday:Cadence:/job/SAN-JOSE/Sr-IP-Sales-Executive_R53905-1
Cadence:/job/HOME-IN/Sr-Principal-Application-Engineer---Allegro-PCB-Design-Tools_R54135,Cadence,Sr Principal AE – Allegro PCB Design Tools,HOME IN,,https://cadence.wd1.myworkdayjobs.com/en-US/External_Careers/job/HOME-IN/Sr-Principal-Application-Engineer---Allegro-PCB-Design-Tools_R54135,Posted 17 Days Ago,2026-07-12T07:45:02+00:00,2026-07-12 00:45 Sun,,false,,,,false,workday:Cadence:/job/HOME-IN/Sr-Principal-Application-Engineer---Allegro-PCB-Design-Tools_R54135
Cadence:/job/Burlington-MA/Sr-Principal-Application-Engineer_R55267-1,Cadence,Sr Principal Application Engineer,"Burlington, MA",,https://cadence.wd1.myworkdayjobs.com/en-US/External_Careers/job/Burlington-MA/Sr-Principal-Application-Engineer_R55267-1,Posted 5 Days Ago,2026-07-12T07:45:02+00:00,2026-07-12 00:45 Sun,,false,,,,false,workday:Cadence:/job/Burlington-MA/Sr-Principal-Application-Engineer_R55267-1
Cadence:/job/SAN-JOSE/Sr-Principal-Application-Engineer_R54460,Cadence,Sr Principal Application Engineer,SAN JOSE,,https://cadence.wd1.myworkdayjobs.com/en-US/External_Careers/job/SAN-JOSE/Sr-Principal-Application-Engineer_R54460,Posted 3 Days Ago,2026-07-12T07:45:02+00:00,2026-07-12 00:45 Sun,,false,,,,false,workday:Cadence:/job/SAN-JOSE/Sr-Principal-Application-Engineer_R54460
Cadence:/job/SAN-JOSE/Sr-Principal-Application-Engineer_R54543,Cadence,Sr Principal Application Engineer,SAN JOSE,,https://cadence.wd1.myworkdayjobs.com/en-US/External_Careers/job/SAN-JOSE/Sr-Principal-Application-Engineer_R54543,Posted 5 Days Ago,2026-07-12T07:45:02+00:00,2026-07-12 00:45 Sun,,false,,,,false,workday:Cadence:/job/SAN-JOSE/Sr-Principal-Application-Engineer_R54543
Cadence:/job/SAN-JOSE/Sr-Principal-Application-Engineer---Custom-IC-and-Implementation_R55545-1,Cadence,Sr Principal Application Engineer - Custom IC and Implementation,SAN JOSE,,https://cadence.wd1.myworkdayjobs.com/en-US/External_Careers/job/SAN-JOSE/Sr-Principal-Application-Engineer---Custom-IC-and-Implementation_R55545-1,Posted Today,2026-07-14T17:59:49+00:00,2026-07-14 10:59 Tue,,false,,,,false,workday:Cadence:/job/SAN-JOSE/Sr-Principal-Application-Engineer---Custom-IC-and-Implementation_R55545-1
Cadence:/job/YOKOHAMA/Sr-Principal-Application-Engineer---Design-Verification_R55088,Cadence,Sr Principal Application Engineer - Design Verification,YOKOHAMA,,https://cadence.wd1.myworkdayjobs.com/en-US/External_Careers/job/YOKOHAMA/Sr-Principal-Application-Engineer---Design-Verification_R55088,Posted 20 Days Ago,2026-07-12T07:45:02+00:00,2026-07-12 00:45 Sun,,false,,,,false,workday:Cadence:/job/YOKOHAMA/Sr-Principal-Application-Engineer---Design-Verification_R55088
Cadence:/job/BANGALORE/Sr-Principal-Design-Engineer_R54777,Cadence,Sr Principal Design Engineer,BANGALORE,,https://cadence.wd1.myworkdayjobs.com/en-US/External_Careers/job/BANGALORE/Sr-Principal-Design-Engineer_R54777,Posted 11 Days Ago,2026-07-12T07:45:02+00:00,2026-07-12 00:45 Sun,,false,,,,false,workday:Cadence:/job/BANGALORE/Sr-Principal-Design-Engineer_R54777
Cadence:/job/BANGALORE/Sr-Principal-Program-Manager_R51622,Cadence,Sr Principal Program Manager,BANGALORE,,https://cadence.wd1.myworkdayjobs.com/en-US/External_Careers/job/BANGALORE/Sr-Principal-Program-Manager_R51622,Posted 26 Days Ago,2026-07-12T07:45:02+00:00,2026-07-12 00:45 Sun,,false,,,,false,workday:Cadence:/job/BANGALORE/Sr-Principal-Program-Manager_R51622
Cadence:/job/HOME-IL/Quantronics-Solutions-Architect_R55203,Cadence,Sr Quantronics Superconducting Solutions Architect,4 Locations,,https://cadence.wd1.myworkdayjobs.com/en-US/External_Careers/job/HOME-IL/Quantronics-Solutions-Architect_R55203,Posted 3 Days Ago,2026-07-12T07:45:02+00:00,2026-07-12 00:45 Sun,,false,,,,false,workday:Cadence:/job/HOME-IL/Quantronics-Solutions-Architect_R55203
Cadence:/job/BEIJING/Sr-System-Sales-Executive-I_R55320,Cadence,Sr System Sales Executive I,BEIJING,,https://cadence.wd1.myworkdayjobs.com/en-US/External_Careers/job/BEIJING/Sr-System-Sales-Executive-I_R55320,Posted 13 Days Ago,2026-07-12T07:45:02+00:00,2026-07-12 00:45 Sun,,false,,,,false,workday:Cadence:/job/BEIJING/Sr-System-Sales-Executive-I_R55320
Cadence:/job/FELDKIRCHEN-Munich/Sr-Systems-Engineer--Data-Center-Operations-_R55078,Cadence,Sr Systems Engineer (Data Center Operations),FELDKIRCHEN (Munich),,https://cadence.wd1.myworkdayjobs.com/en-US/External_Careers/job/FELDKIRCHEN-Munich/Sr-Systems-Engineer--Data-Center-Operations-_R55078,Posted 18 Days Ago,2026-07-12T07:45:02+00:00,2026-07-12 00:45 Sun,,false,,,,false,workday:Cadence:/job/FELDKIRCHEN-Munich/Sr-Systems-Engineer--Data-Center-Operations-_R55078
Cadence:/job/HSINCHU-05/Sr-Business-Development-Manager---Cloud_R51821,Cadence,Sr. Business Development Manager - Cloud,HSINCHU 05,,https://cadence.wd1.myworkdayjobs.com/en-US/External_Careers/job/HSINCHU-05/Sr-Business-Development-Manager---Cloud_R51821,Posted 4 Days Ago,2026-07-12T07:45:02+00:00,2026-07-12 00:45 Sun,,false,,,,false,workday:Cadence:/job/HSINCHU-05/Sr-Business-Development-Manager---Cloud_R51821
Cadence:/job/HOME-UT/Sr-Credit---Collections-Specialist_R55423,Cadence,Sr. Credit & Collections Specialist,4 Locations,,https://cadence.wd1.myworkdayjobs.com/en-US/External_Careers/job/HOME-UT/Sr-Credit---Collections-Specialist_R55423,Posted 6 Days Ago,2026-07-12T07:45:02+00:00,2026-07-12 00:45 Sun,,false,,,,false,workday:Cadence:/job/HOME-UT/Sr-Credit---Collections-Specialist_R55423
Cadence:/job/SAN-JOSE/Sr-Executive-Administrator_R55253,Cadence,Sr. Executive Administrator,SAN JOSE,,https://cadence.wd1.myworkdayjobs.com/en-US/External_Careers/job/SAN-JOSE/Sr-Executive-Administrator_R55253,Posted 6 Days Ago,2026-07-12T07:45:02+00:00,2026-07-12 00:45 Sun,,false,,,,false,workday:Cadence:/job/SAN-JOSE/Sr-Executive-Administrator_R55253
Cadence:/job/NOIDA-01/Design-Engineering-Architect_R51719,Cadence,Sr. Principal Design Engineer,NOIDA 01,,https://cadence.wd1.myworkdayjobs.com/en-US/External_Careers/job/NOIDA-01/Design-Engineering-Architect_R51719,Posted 22 Days Ago,2026-07-12T07:45:02+00:00,2026-07-12 00:45 Sun,,false,,,,false,workday:Cadence:/job/NOIDA-01/Design-Engineering-Architect_R51719
Cadence:/job/SAN-JOSE/Sr-Principal-Application-Engineer_R54935,Cadence,Sr. Principal Physical Design AE,SAN JOSE,,https://cadence.wd1.myworkdayjobs.com/en-US/External_Careers/job/SAN-JOSE/Sr-Principal-Application-Engineer_R54935,Posted 9 Days Ago,2026-07-12T07:45:02+00:00,2026-07-12 00:45 Sun,,false,,,,false,workday:Cadence:/job/SAN-JOSE/Sr-Principal-Application-Engineer_R54935
Cadence:/job/AUSTIN/Sr-Principal-Product-Engineer_R54665-1,Cadence,"Sr. Principal Product Engineer, RTL-GDSII",AUSTIN,,https://cadence.wd1.myworkdayjobs.com/en-US/External_Careers/job/AUSTIN/Sr-Principal-Product-Engineer_R54665-1,Posted 30+ Days Ago,2026-07-12T07:45:02+00:00,2026-07-12 00:45 Sun,,false,,,,false,workday:Cadence:/job/AUSTIN/Sr-Principal-Product-Engineer_R54665-1
Cadence:/job/SAN-JOSE/Sr-Principal-SI-PI-Engineer_R54206,Cadence,Sr. Principal SI/PI Engineer,SAN JOSE,,https://cadence.wd1.myworkdayjobs.com/en-US/External_Careers/job/SAN-JOSE/Sr-Principal-SI-PI-Engineer_R54206,Posted 30+ Days Ago,2026-07-12T07:45:02+00:00,2026-07-12 00:45 Sun,,false,,,,false,workday:Cadence:/job/SAN-JOSE/Sr-Principal-SI-PI-Engineer_R54206
Cadence:/job/NOIDA/Sr-Principal-Software-Engineer_R55102,Cadence,Sr. Principal Software Engineer,NOIDA,,https://cadence.wd1.myworkdayjobs.com/en-US/External_Careers/job/NOIDA/Sr-Principal-Software-Engineer_R55102,Posted 19 Days Ago,2026-07-12T07:45:02+00:00,2026-07-12 00:45 Sun,,false,,,,false,workday:Cadence:/job/NOIDA/Sr-Principal-Software-Engineer_R55102
Cadence:/job/SAN-JOSE/Technical-Program-Manager---Design-IP_R52063-1,Cadence,Sr. Principal Technical Quality Engineer,3 Locations,,https://cadence.wd1.myworkdayjobs.com/en-US/External_Careers/job/SAN-JOSE/Technical-Program-Manager---Design-IP_R52063-1,Posted 5 Days Ago,2026-07-12T07:45:02+00:00,2026-07-12 00:45 Sun,,false,,,,false,workday:Cadence:/job/SAN-JOSE/Technical-Program-Manager---Design-IP_R52063-1
Cadence:/job/SAN-JOSE/Sr-Product-Marketing-Manager_R55426,Cadence,Sr. Product Marketing Manager,SAN JOSE,,https://cadence.wd1.myworkdayjobs.com/en-US/External_Careers/job/SAN-JOSE/Sr-Product-Marketing-Manager_R55426,Posted Today,2026-07-13T17:17:02+00:00,2026-07-13 10:17 Mon,,false,,,,false,workday:Cadence:/job/SAN-JOSE/Sr-Product-Marketing-Manager_R55426
Cadence:/job/SAN-JOSE/Sr-Systems-Account-Executive-II_R55513,Cadence,Sr. Systems Account Executive II,SAN JOSE,,https://cadence.wd1.myworkdayjobs.com/en-US/External_Careers/job/SAN-JOSE/Sr-Systems-Account-Executive-II_R55513,Posted Today,2026-07-14T17:30:00+00:00,2026-07-14 10:30 Tue,,false,,,,false,workday:Cadence:/job/SAN-JOSE/Sr-Systems-Account-Executive-II_R55513
Cadence:/job/SAN-JOSE/Staff-Sales-Operations-Analyst---North-America_R55357,Cadence,Staff Sales Operations Analyst - North America,SAN JOSE,,https://cadence.wd1.myworkdayjobs.com/en-US/External_Careers/job/SAN-JOSE/Staff-Sales-Operations-Analyst---North-America_R55357,Posted 6 Days Ago,2026-07-12T07:45:02+00:00,2026-07-12 00:45 Sun,,false,,,,false,workday:Cadence:/job/SAN-JOSE/Staff-Sales-Operations-Analyst---North-America_R55357
Cadence:/job/NOIDA/Staff-Systems-Engineer---Cloud-Infrastructure_R54296,Cadence,Staff Systems Engineer – Cloud Infrastructure,2 Locations,,https://cadence.wd1.myworkdayjobs.com/en-US/External_Careers/job/NOIDA/Staff-Systems-Engineer---Cloud-Infrastructure_R54296,Posted 6 Days Ago,2026-07-12T07:45:02+00:00,2026-07-12 00:45 Sun,,false,,,,false,workday:Cadence:/job/NOIDA/Staff-Systems-Engineer---Cloud-Infrastructure_R54296
Cadence:/job/SHANGHAI/Technical-Business-Development-Director_R55207,Cadence,Technical Business Development Director,2 Locations,,https://cadence.wd1.myworkdayjobs.com/en-US/External_Careers/job/SHANGHAI/Technical-Business-Development-Director_R55207,Posted 6 Days Ago,2026-07-12T07:45:02+00:00,2026-07-12 00:45 Sun,,false,,,,false,workday:Cadence:/job/SHANGHAI/Technical-Business-Development-Director_R55207
Cadence:/job/NOIDA/Technical-Communication-Engineer-II_R55140-1,Cadence,Technical Communication Engineer II,NOIDA,,https://cadence.wd1.myworkdayjobs.com/en-US/External_Careers/job/NOIDA/Technical-Communication-Engineer-II_R55140-1,Posted 24 Days Ago,2026-07-12T07:45:02+00:00,2026-07-12 00:45 Sun,,false,,,,false,workday:Cadence:/job/NOIDA/Technical-Communication-Engineer-II_R55140-1
